month,day,hour,weekendOrHoliday,temp,dayOfYear,target
1,1,0,1,2,1,0
1,1,0,1,2,1,0
1,1,0,1,1,1,0
1,1,0,1,1,1,0
1,1,1,1,1,1,0
1,1,1,1,1,1,0
1,1,1,1,1,1,0
1,1,1,1,1,1,0
1,1,2,1,1,1,0
1,1,2,1,1,1,0
1,1,2,1,1,1,0
1,1,2,1,1,1,0
1,1,3,1,1,1,0
1,1,3,1,1,1,0
1,1,3,1,0,1,0
1,1,3,1,0,1,0
1,1,4,1,0,1,0
1,1,4,1,0,1,0
1,1,4,1,0,1,0
1,1,4,1,0,1,0
1,1,5,1,0,1,0
1,1,5,1,0,1,0
1,1,5,1,0,1,0
1,1,5,1,0,1,0
1,1,6,1,0,1,0
1,1,6,1,0,1,0
1,1,6,1,-1,1,0
1,1,6,1,-1,1,0
1,1,7,1,-1,1,0
1,1,7,1,-1,1,0
1,1,7,1,0,1,0
1,1,7,1,0,1,0
1,1,8,1,1,1,0
1,1,8,1,1,1,0
1,1,8,1,1,1,0
1,1,8,1,1,1,0
1,1,9,1,2,1,0
1,1,9,1,2,1,0
1,1,9,1,3,1,0
1,1,9,1,3,1,0
1,1,10,1,3,1,0
1,1,10,1,3,1,0
1,1,10,1,4,1,0
1,1,10,1,4,1,0
1,1,11,1,5,1,0
1,1,11,1,5,1,0
1,1,11,1,5,1,0
1,1,11,1,5,1,0
1,1,12,1,6,1,0
1,1,12,1,6,1,0
1,1,12,1,5,1,0
1,1,12,1,5,1,0
1,1,13,1,6,1,0
1,1,13,1,6,1,0
1,1,13,1,6,1,0
1,1,13,1,6,1,0
1,1,14,1,5,1,0
1,1,14,1,5,1,0
1,1,14,1,5,1,0
1,1,14,1,5,1,0
1,1,15,1,5,1,0
1,1,15,1,5,1,0
1,1,15,1,5,1,0
1,1,15,1,5,1,0
1,1,16,1,5,1,0
1,1,16,1,5,1,0
1,1,16,1,4,1,0
1,1,16,1,4,1,0
1,1,17,1,3,1,0
1,1,17,1,3,1,0
1,1,17,1,2,1,0
1,1,17,1,2,1,0
1,1,18,1,2,1,0
1,1,18,1,2,1,0
1,1,18,1,2,1,0
1,1,18,1,2,1,0
1,1,19,1,2,1,0
1,1,19,1,2,1,0
1,1,19,1,2,1,0
1,1,19,1,2,1,0
1,1,20,1,2,1,0
1,1,20,1,2,1,0
1,1,20,1,2,1,0
1,1,20,1,2,1,0
1,1,21,1,1,1,0
1,1,21,1,1,1,0
1,1,21,1,1,1,0
1,1,21,1,1,1,0
1,1,22,1,1,1,0
1,1,22,1,1,1,0
1,1,22,1,1,1,0
1,1,22,1,1,1,0
1,1,23,1,0,1,0
1,1,23,1,0,1,0
1,1,23,1,0,1,0
1,1,23,1,0,1,0
1,2,0,1,0,2,0
1,2,0,1,0,2,0
1,2,0,1,-1,2,0
1,2,0,1,-1,2,0
1,2,1,1,-1,2,0
1,2,1,1,-1,2,0
1,2,1,1,-2,2,0
1,2,1,1,-2,2,0
1,2,2,1,-1,2,0
1,2,2,1,-1,2,0
1,2,2,1,-2,2,0
1,2,2,1,-2,2,0
1,2,3,1,-2,2,0
1,2,3,1,-2,2,0
1,2,3,1,-3,2,0
1,2,3,1,-3,2,0
1,2,4,1,-2,2,0
1,2,4,1,-2,2,0
1,2,4,1,-2,2,0
1,2,4,1,-2,2,0
1,2,5,1,-2,2,0
1,2,5,1,-2,2,0
1,2,5,1,-3,2,0
1,2,5,1,-3,2,0
1,2,6,1,-3,2,0
1,2,6,1,-3,2,0
1,2,6,1,-4,2,0
1,2,6,1,-4,2,0
1,2,7,1,-2,2,0
1,2,7,1,-2,2,0
1,2,7,1,-1,2,0
1,2,7,1,-1,2,0
1,2,8,1,1,2,0
1,2,8,1,1,2,0
1,2,8,1,3,2,0
1,2,8,1,3,2,0
1,2,9,1,3,2,0
1,2,9,1,3,2,0
1,2,9,1,5,2,0
1,2,9,1,5,2,0
1,2,10,1,5,2,0
1,2,10,1,5,2,0
1,2,10,1,6,2,0
1,2,10,1,6,2,0
1,2,11,1,6,2,0
1,2,11,1,6,2,0
1,2,11,1,7,2,0
1,2,11,1,7,2,0
1,2,12,1,7,2,0
1,2,12,1,7,2,0
1,2,12,1,8,2,0
1,2,12,1,8,2,0
1,2,13,1,8,2,0
1,2,13,1,8,2,0
1,2,13,1,9,2,0
1,2,13,1,9,2,0
1,2,14,1,9,2,0
1,2,14,1,9,2,0
1,2,14,1,9,2,0
1,2,14,1,9,2,0
1,2,15,1,9,2,0
1,2,15,1,9,2,0
1,2,15,1,9,2,0
1,2,15,1,9,2,0
1,2,16,1,8,2,0
1,2,16,1,8,2,0
1,2,16,1,7,2,0
1,2,16,1,7,2,0
1,2,17,1,7,2,0
1,2,17,1,7,2,0
1,2,17,1,6,2,0
1,2,17,1,6,2,0
1,2,18,1,6,2,0
1,2,18,1,6,2,0
1,2,18,1,6,2,0
1,2,18,1,6,2,0
1,2,19,1,6,2,0
1,2,19,1,6,2,0
1,2,19,1,6,2,0
1,2,19,1,6,2,0
1,2,20,1,5,2,0
1,2,20,1,5,2,0
1,2,20,1,5,2,0
1,2,20,1,5,2,0
1,2,21,1,5,2,0
1,2,21,1,5,2,0
1,2,21,1,4,2,0
1,2,21,1,4,2,0
1,2,22,1,5,2,0
1,2,22,1,5,2,0
1,2,22,1,4,2,0
1,2,22,1,4,2,0
1,2,23,1,4,2,0
1,2,23,1,4,2,0
1,2,23,1,2,2,0
1,2,23,1,2,2,0
1,3,0,1,2,3,0
1,3,0,1,2,3,0
1,3,0,1,2,3,0
1,3,0,1,2,3,0
1,3,1,1,3,3,0
1,3,1,1,3,3,0
1,3,1,1,3,3,0
1,3,1,1,3,3,0
1,3,2,1,3,3,0
1,3,2,1,3,3,0
1,3,2,1,3,3,0
1,3,2,1,3,3,0
1,3,3,1,3,3,0
1,3,3,1,3,3,0
1,3,3,1,3,3,0
1,3,3,1,3,3,0
1,3,4,1,3,3,0
1,3,4,1,3,3,0
1,3,4,1,4,3,0
1,3,4,1,4,3,0
1,3,5,1,4,3,0
1,3,5,1,4,3,0
1,3,5,1,3,3,0
1,3,5,1,3,3,0
1,3,6,1,2,3,0
1,3,6,1,2,3,0
1,3,6,1,1,3,0
1,3,6,1,1,3,0
1,3,7,1,3,3,0
1,3,7,1,3,3,0
1,3,7,1,3,3,0
1,3,7,1,3,3,0
1,3,8,1,4,3,0
1,3,8,1,4,3,0
1,3,8,1,5,3,0
1,3,8,1,5,3,0
1,3,9,1,6,3,0
1,3,9,1,6,3,0
1,3,9,1,7,3,0
1,3,9,1,7,3,0
1,3,10,1,7,3,0
1,3,10,1,7,3,0
1,3,10,1,7,3,0
1,3,10,1,7,3,0
1,3,11,1,8,3,0
1,3,11,1,8,3,0
1,3,11,1,9,3,0
1,3,11,1,9,3,0
1,3,12,1,10,3,0
1,3,12,1,10,3,0
1,3,12,1,10,3,0
1,3,12,1,10,3,0
1,3,13,1,11,3,0
1,3,13,1,11,3,0
1,3,13,1,12,3,0
1,3,13,1,12,3,0
1,3,14,1,12,3,0
1,3,14,1,12,3,0
1,3,14,1,12,3,0
1,3,14,1,12,3,0
1,3,15,1,12,3,0
1,3,15,1,12,3,0
1,3,15,1,12,3,0
1,3,15,1,12,3,0
1,3,16,1,11,3,0
1,3,16,1,11,3,0
1,3,16,1,11,3,0
1,3,16,1,11,3,0
1,3,17,1,10,3,0
1,3,17,1,10,3,0
1,3,17,1,9,3,0
1,3,17,1,9,3,0
1,3,18,1,8,3,0
1,3,18,1,8,3,0
1,3,18,1,8,3,0
1,3,18,1,8,3,0
1,3,19,1,8,3,0
1,3,19,1,8,3,0
1,3,19,1,8,3,0
1,3,19,1,8,3,0
1,3,20,1,7,3,0
1,3,20,1,7,3,0
1,3,20,1,7,3,0
1,3,20,1,7,3,0
1,3,21,1,7,3,0
1,3,21,1,7,3,0
1,3,21,1,6,3,0
1,3,21,1,6,3,0
1,3,22,1,6,3,0
1,3,22,1,6,3,0
1,3,22,1,7,3,0
1,3,22,1,7,3,0
1,3,23,1,7,3,0
1,3,23,1,7,3,0
1,3,23,1,6,3,0
1,3,23,1,6,3,0
1,4,0,0,6,4,0
1,4,0,0,6,4,0
1,4,0,0,6,4,0
1,4,0,0,6,4,0
1,4,1,0,6,4,0
1,4,1,0,6,4,0
1,4,1,0,6,4,0
1,4,1,0,6,4,0
1,4,2,0,5,4,0
1,4,2,0,5,4,0
1,4,2,0,3,4,0
1,4,2,0,3,4,0
1,4,3,0,4,4,0
1,4,3,0,4,4,0
1,4,3,0,4,4,0
1,4,3,0,4,4,0
1,4,4,0,3,4,0
1,4,4,0,3,4,0
1,4,4,0,3,4,0
1,4,4,0,3,4,0
1,4,5,0,3,4,0
1,4,5,0,3,4,0
1,4,5,0,3,4,0
1,4,5,0,3,4,0
1,4,6,0,2,4,0
1,4,6,0,2,4,0
1,4,6,0,2,4,0
1,4,6,0,2,4,0
1,4,7,0,3,4,0
1,4,7,0,3,4,0
1,4,7,0,3,4,0
1,4,7,0,3,4,0
1,4,8,0,5,4,0
1,4,8,0,5,4,0
1,4,8,0,8,4,0
1,4,8,0,8,4,0
1,4,9,0,10,4,0
1,4,9,0,10,4,0
1,4,9,0,11,4,0
1,4,9,0,11,4,0
1,4,10,0,13,4,0
1,4,10,0,13,4,0
1,4,10,0,13,4,0
1,4,10,0,13,4,0
1,4,11,0,15,4,0
1,4,11,0,15,4,0
1,4,11,0,15,4,0
1,4,11,0,15,4,0
1,4,12,0,16,4,0
1,4,12,0,16,4,0
1,4,12,0,17,4,0
1,4,12,0,17,4,0
1,4,13,0,18,4,0
1,4,13,0,18,4,0
1,4,13,0,18,4,0
1,4,13,0,18,4,0
1,4,14,0,18,4,0
1,4,14,0,18,4,0
1,4,14,0,18,4,0
1,4,14,0,18,4,0
1,4,15,0,18,4,0
1,4,15,0,18,4,0
1,4,15,0,18,4,0
1,4,15,0,18,4,0
1,4,16,0,18,4,0
1,4,16,0,18,4,0
1,4,16,0,17,4,0
1,4,16,0,17,4,0
1,4,17,0,16,4,0
1,4,17,0,16,4,0
1,4,17,0,15,4,0
1,4,17,0,15,4,0
1,4,18,0,14,4,0
1,4,18,0,14,4,0
1,4,18,0,13,4,0
1,4,18,0,13,4,0
1,4,19,0,12,4,0
1,4,19,0,12,4,0
1,4,19,0,12,4,0
1,4,19,0,12,4,0
1,4,20,0,11,4,0
1,4,20,0,11,4,0
1,4,20,0,11,4,0
1,4,20,0,11,4,0
1,4,21,0,10,4,0
1,4,21,0,10,4,0
1,4,21,0,10,4,0
1,4,21,0,10,4,0
1,4,22,0,10,4,0
1,4,22,0,10,4,0
1,4,22,0,10,4,0
1,4,22,0,10,4,0
1,4,23,0,10,4,0
1,4,23,0,10,4,0
1,4,23,0,9,4,0
1,4,23,0,9,4,0
1,5,0,0,10,5,0
1,5,0,0,10,5,0
1,5,0,0,9,5,0
1,5,0,0,9,5,0
1,5,1,0,10,5,0
1,5,1,0,10,5,0
1,5,1,0,10,5,0
1,5,1,0,10,5,0
1,5,2,0,10,5,0
1,5,2,0,10,5,0
1,5,2,0,10,5,0
1,5,2,0,10,5,0
1,5,3,0,10,5,0
1,5,3,0,10,5,0
1,5,3,0,10,5,0
1,5,3,0,10,5,0
1,5,4,0,10,5,0
1,5,4,0,10,5,0
1,5,4,0,11,5,0
1,5,4,0,11,5,0
1,5,5,0,11,5,0
1,5,5,0,11,5,0
1,5,5,0,12,5,0
1,5,5,0,12,5,0
1,5,6,0,12,5,0
1,5,6,0,12,5,0
1,5,6,0,12,5,0
1,5,6,0,12,5,0
1,5,7,0,12,5,0
1,5,7,0,12,5,0
1,5,7,0,12,5,0
1,5,7,0,12,5,0
1,5,8,0,12,5,0
1,5,8,0,12,5,0
1,5,8,0,12,5,0
1,5,8,0,12,5,0
1,5,9,0,13,5,0
1,5,9,0,13,5,0
1,5,9,0,15,5,0
1,5,9,0,15,5,0
1,5,10,0,16,5,0
1,5,10,0,16,5,0
1,5,10,0,18,5,0
1,5,10,0,18,5,0
1,5,11,0,18,5,0
1,5,11,0,18,5,0
1,5,11,0,19,5,0
1,5,11,0,19,5,0
1,5,12,0,20,5,0
1,5,12,0,20,5,0
1,5,12,0,19,5,0
1,5,12,0,19,5,0
1,5,13,0,19,5,0
1,5,13,0,19,5,0
1,5,13,0,19,5,0
1,5,13,0,19,5,0
1,5,14,0,19,5,0
1,5,14,0,19,5,0
1,5,14,0,19,5,0
1,5,14,0,19,5,0
1,5,15,0,18,5,0
1,5,15,0,18,5,0
1,5,15,0,18,5,0
1,5,15,0,18,5,0
1,5,16,0,17,5,0
1,5,16,0,17,5,0
1,5,16,0,17,5,0
1,5,16,0,17,5,0
1,5,17,0,16,5,0
1,5,17,0,16,5,0
1,5,17,0,16,5,0
1,5,17,0,16,5,0
1,5,18,0,16,5,0
1,5,18,0,16,5,0
1,5,18,0,16,5,0
1,5,18,0,16,5,0
1,5,19,0,16,5,0
1,5,19,0,16,5,0
1,5,19,0,15,5,0
1,5,19,0,15,5,0
1,5,20,0,15,5,0
1,5,20,0,15,5,0
1,5,20,0,15,5,0
1,5,20,0,15,5,0
1,5,21,0,15,5,0
1,5,21,0,15,5,0
1,5,21,0,15,5,0
1,5,21,0,15,5,0
1,5,22,0,15,5,0
1,5,22,0,15,5,0
1,5,22,0,14,5,0
1,5,22,0,14,5,0
1,5,23,0,14,5,0
1,5,23,0,14,5,0
1,5,23,0,14,5,0
1,5,23,0,14,5,0
1,6,0,0,13,6,0
1,6,0,0,13,6,0
1,6,0,0,12,6,0
1,6,0,0,12,6,0
1,6,1,0,12,6,0
1,6,1,0,12,6,0
1,6,1,0,11,6,0
1,6,1,0,11,6,0
1,6,2,0,11,6,0
1,6,2,0,11,6,0
1,6,2,0,10,6,0
1,6,2,0,10,6,0
1,6,3,0,10,6,0
1,6,3,0,10,6,0
1,6,3,0,10,6,0
1,6,3,0,10,6,0
1,6,4,0,9,6,0
1,6,4,0,9,6,0
1,6,4,0,9,6,0
1,6,4,0,9,6,0
1,6,5,0,9,6,0
1,6,5,0,9,6,0
1,6,5,0,9,6,0
1,6,5,0,9,6,0
1,6,6,0,9,6,0
1,6,6,0,9,6,0
1,6,6,0,9,6,0
1,6,6,0,9,6,0
1,6,7,0,9,6,0
1,6,7,0,9,6,0
1,6,7,0,8,6,0
1,6,7,0,8,6,0
1,6,8,0,8,6,0
1,6,8,0,8,6,0
1,6,8,0,8,6,0
1,6,8,0,8,6,0
1,6,9,0,8,6,0
1,6,9,0,8,6,0
1,6,9,0,7,6,0
1,6,9,0,7,6,0
1,6,10,0,7,6,0
1,6,10,0,7,6,0
1,6,10,0,6,6,0
1,6,10,0,6,6,0
1,6,11,0,7,6,0
1,6,11,0,7,6,0
1,6,11,0,7,6,0
1,6,11,0,7,6,0
1,6,12,0,7,6,0
1,6,12,0,7,6,0
1,6,12,0,7,6,0
1,6,12,0,7,6,0
1,6,13,0,7,6,0
1,6,13,0,7,6,0
1,6,13,0,7,6,0
1,6,13,0,7,6,0
1,6,14,0,6,6,0
1,6,14,0,6,6,0
1,6,14,0,6,6,0
1,6,14,0,6,6,0
1,6,15,0,6,6,0
1,6,15,0,6,6,0
1,6,15,0,6,6,0
1,6,15,0,6,6,0
1,6,16,0,5,6,0
1,6,16,0,5,6,0
1,6,16,0,5,6,0
1,6,16,0,5,6,0
1,6,17,0,4,6,0
1,6,17,0,4,6,0
1,6,17,0,3,6,0
1,6,17,0,3,6,0
1,6,18,0,3,6,0
1,6,18,0,3,6,0
1,6,18,0,3,6,0
1,6,18,0,3,6,0
1,6,19,0,3,6,0
1,6,19,0,3,6,0
1,6,19,0,3,6,0
1,6,19,0,3,6,0
1,6,20,0,3,6,0
1,6,20,0,3,6,0
1,6,20,0,3,6,0
1,6,20,0,3,6,0
1,6,21,0,3,6,0
1,6,21,0,3,6,0
1,6,21,0,3,6,0
1,6,21,0,3,6,0
1,6,22,0,3,6,0
1,6,22,0,3,6,0
1,6,22,0,3,6,0
1,6,22,0,3,6,0
1,6,23,0,3,6,0
1,6,23,0,3,6,0
1,6,23,0,3,6,0
1,6,23,0,3,6,0
1,7,0,0,3,7,0
1,7,0,0,3,7,0
1,7,0,0,3,7,0
1,7,0,0,3,7,0
1,7,1,0,3,7,0
1,7,1,0,3,7,0
1,7,1,0,3,7,0
1,7,1,0,3,7,0
1,7,2,0,3,7,0
1,7,2,0,3,7,0
1,7,2,0,3,7,0
1,7,2,0,3,7,0
1,7,3,0,3,7,0
1,7,3,0,3,7,0
1,7,3,0,3,7,0
1,7,3,0,3,7,0
1,7,4,0,3,7,0
1,7,4,0,3,7,0
1,7,4,0,3,7,0
1,7,4,0,3,7,0
1,7,5,0,3,7,0
1,7,5,0,3,7,0
1,7,5,0,3,7,0
1,7,5,0,3,7,0
1,7,6,0,3,7,0
1,7,6,0,3,7,0
1,7,6,0,3,7,0
1,7,6,0,3,7,0
1,7,7,0,3,7,0
1,7,7,0,3,7,0
1,7,7,0,3,7,0
1,7,7,0,3,7,0
1,7,8,0,3,7,0
1,7,8,0,3,7,0
1,7,8,0,4,7,0
1,7,8,0,4,7,0
1,7,9,0,4,7,0
1,7,9,0,4,7,0
1,7,9,0,4,7,0
1,7,9,0,4,7,0
1,7,10,0,5,7,0
1,7,10,0,5,7,0
1,7,10,0,5,7,0
1,7,10,0,5,7,0
1,7,11,0,6,7,0
1,7,11,0,6,7,0
1,7,11,0,6,7,0
1,7,11,0,6,7,0
1,7,12,0,6,7,0
1,7,12,0,6,7,0
1,7,12,0,7,7,0
1,7,12,0,7,7,0
1,7,13,0,7,7,0
1,7,13,0,7,7,0
1,7,13,0,7,7,0
1,7,13,0,7,7,0
1,7,14,0,7,7,0
1,7,14,0,7,7,0
1,7,14,0,7,7,0
1,7,14,0,7,7,0
1,7,15,0,7,7,0
1,7,15,0,7,7,0
1,7,15,0,7,7,0
1,7,15,0,7,7,0
1,7,16,0,7,7,0
1,7,16,0,7,7,0
1,7,16,0,6,7,0
1,7,16,0,6,7,0
1,7,17,0,6,7,0
1,7,17,0,6,7,0
1,7,17,0,5,7,0
1,7,17,0,5,7,0
1,7,18,0,5,7,0
1,7,18,0,5,7,0
1,7,18,0,5,7,0
1,7,18,0,5,7,0
1,7,19,0,5,7,0
1,7,19,0,5,7,0
1,7,19,0,4,7,0
1,7,19,0,4,7,0
1,7,20,0,5,7,0
1,7,20,0,5,7,0
1,7,20,0,4,7,0
1,7,20,0,4,7,0
1,7,21,0,3,7,0
1,7,21,0,3,7,0
1,7,21,0,3,7,0
1,7,21,0,3,7,0
1,7,22,0,2,7,0
1,7,22,0,2,7,0
1,7,22,0,2,7,0
1,7,22,0,2,7,0
1,7,23,0,1,7,0
1,7,23,0,1,7,0
1,7,23,0,1,7,0
1,7,23,0,1,7,0
1,8,0,0,1,8,0
1,8,0,0,1,8,0
1,8,0,0,1,8,0
1,8,0,0,1,8,0
1,8,1,0,1,8,0
1,8,1,0,1,8,0
1,8,1,0,2,8,0
1,8,1,0,2,8,0
1,8,2,0,2,8,0
1,8,2,0,2,8,0
1,8,2,0,2,8,0
1,8,2,0,2,8,0
1,8,3,0,1,8,0
1,8,3,0,1,8,0
1,8,3,0,1,8,0
1,8,3,0,1,8,0
1,8,4,0,1,8,0
1,8,4,0,1,8,0
1,8,4,0,1,8,0
1,8,4,0,1,8,0
1,8,5,0,1,8,0
1,8,5,0,1,8,0
1,8,5,0,1,8,0
1,8,5,0,1,8,0
1,8,6,0,1,8,0
1,8,6,0,1,8,0
1,8,6,0,1,8,0
1,8,6,0,1,8,0
1,8,7,0,1,8,0
1,8,7,0,1,8,0
1,8,7,0,1,8,0
1,8,7,0,1,8,0
1,8,8,0,2,8,0
1,8,8,0,2,8,0
1,8,8,0,3,8,0
1,8,8,0,3,8,0
1,8,9,0,4,8,0
1,8,9,0,4,8,0
1,8,9,0,5,8,0
1,8,9,0,5,8,0
1,8,10,0,5,8,0
1,8,10,0,5,8,0
1,8,10,0,6,8,0
1,8,10,0,6,8,0
1,8,11,0,7,8,0
1,8,11,0,7,8,0
1,8,11,0,7,8,0
1,8,11,0,7,8,0
1,8,12,0,8,8,0
1,8,12,0,8,8,0
1,8,12,0,8,8,0
1,8,12,0,8,8,0
1,8,13,0,8,8,0
1,8,13,0,8,8,0
1,8,13,0,9,8,0
1,8,13,0,9,8,0
1,8,14,0,9,8,0
1,8,14,0,9,8,0
1,8,14,0,9,8,0
1,8,14,0,9,8,0
1,8,15,0,9,8,0
1,8,15,0,9,8,0
1,8,15,0,9,8,0
1,8,15,0,9,8,0
1,8,16,0,8,8,0
1,8,16,0,8,8,0
1,8,16,0,8,8,0
1,8,16,0,8,8,0
1,8,17,0,7,8,0
1,8,17,0,7,8,0
1,8,17,0,6,8,0
1,8,17,0,6,8,0
1,8,18,0,5,8,0
1,8,18,0,5,8,0
1,8,18,0,6,8,0
1,8,18,0,6,8,0
1,8,19,0,5,8,0
1,8,19,0,5,8,0
1,8,19,0,5,8,0
1,8,19,0,5,8,0
1,8,20,0,4,8,0
1,8,20,0,4,8,0
1,8,20,0,5,8,0
1,8,20,0,5,8,0
1,8,21,0,4,8,0
1,8,21,0,4,8,0
1,8,21,0,4,8,0
1,8,21,0,4,8,0
1,8,22,0,3,8,0
1,8,22,0,3,8,0
1,8,22,0,4,8,0
1,8,22,0,4,8,0
1,8,23,0,3,8,0
1,8,23,0,3,8,0
1,8,23,0,2,8,0
1,8,23,0,2,8,0
1,9,0,0,3,9,0
1,9,0,0,3,9,0
1,9,0,0,4,9,0
1,9,0,0,4,9,0
1,9,1,0,4,9,0
1,9,1,0,4,9,0
1,9,1,0,3,9,0
1,9,1,0,3,9,0
1,9,2,0,3,9,0
1,9,2,0,3,9,0
1,9,2,0,2,9,0
1,9,2,0,2,9,0
1,9,3,0,2,9,0
1,9,3,0,2,9,0
1,9,3,0,2,9,0
1,9,3,0,2,9,0
1,9,4,0,2,9,0
1,9,4,0,2,9,0
1,9,4,0,1,9,0
1,9,4,0,1,9,0
1,9,5,0,1,9,0
1,9,5,0,1,9,0
1,9,5,0,1,9,0
1,9,5,0,1,9,0
1,9,6,0,0,9,0
1,9,6,0,0,9,0
1,9,6,0,1,9,0
1,9,6,0,1,9,0
1,9,7,0,1,9,0
1,9,7,0,1,9,0
1,9,7,0,2,9,0
1,9,7,0,2,9,0
1,9,8,0,3,9,0
1,9,8,0,3,9,0
1,9,8,0,4,9,0
1,9,8,0,4,9,0
1,9,9,0,5,9,0
1,9,9,0,5,9,0
1,9,9,0,7,9,0
1,9,9,0,7,9,0
1,9,10,0,8,9,0
1,9,10,0,8,9,0
1,9,10,0,8,9,0
1,9,10,0,8,9,0
1,9,11,0,9,9,0
1,9,11,0,9,9,0
1,9,11,0,9,9,0
1,9,11,0,9,9,0
1,9,12,0,10,9,0
1,9,12,0,10,9,0
1,9,12,0,10,9,0
1,9,12,0,10,9,0
1,9,13,0,11,9,0
1,9,13,0,11,9,0
1,9,13,0,11,9,0
1,9,13,0,11,9,0
1,9,14,0,11,9,0
1,9,14,0,11,9,0
1,9,14,0,11,9,0
1,9,14,0,11,9,0
1,9,15,0,11,9,0
1,9,15,0,11,9,0
1,9,15,0,11,9,0
1,9,15,0,11,9,0
1,9,16,0,11,9,0
1,9,16,0,11,9,0
1,9,16,0,10,9,0
1,9,16,0,10,9,0
1,9,17,0,10,9,0
1,9,17,0,10,9,0
1,9,17,0,10,9,0
1,9,17,0,10,9,0
1,9,18,0,9,9,0
1,9,18,0,9,9,0
1,9,18,0,9,9,0
1,9,18,0,9,9,0
1,9,19,0,8,9,0
1,9,19,0,8,9,0
1,9,19,0,7,9,0
1,9,19,0,7,9,0
1,9,20,0,6,9,0
1,9,20,0,6,9,0
1,9,20,0,7,9,0
1,9,20,0,7,9,0
1,9,21,0,7,9,0
1,9,21,0,7,9,0
1,9,21,0,6,9,0
1,9,21,0,6,9,0
1,9,22,0,6,9,0
1,9,22,0,6,9,0
1,9,22,0,7,9,0
1,9,22,0,7,9,0
1,9,23,0,6,9,0
1,9,23,0,6,9,0
1,9,23,0,4,9,0
1,9,23,0,4,9,0
1,10,0,1,4,10,0
1,10,0,1,4,10,0
1,10,0,1,4,10,0
1,10,0,1,4,10,0
1,10,1,1,4,10,0
1,10,1,1,4,10,0
1,10,1,1,4,10,0
1,10,1,1,4,10,0
1,10,2,1,3,10,0
1,10,2,1,3,10,0
1,10,2,1,3,10,0
1,10,2,1,3,10,0
1,10,3,1,2,10,0
1,10,3,1,2,10,0
1,10,3,1,3,10,0
1,10,3,1,3,10,0
1,10,4,1,2,10,0
1,10,4,1,2,10,0
1,10,4,1,2,10,0
1,10,4,1,2,10,0
1,10,5,1,3,10,0
1,10,5,1,3,10,0
1,10,5,1,3,10,0
1,10,5,1,3,10,0
1,10,6,1,3,10,0
1,10,6,1,3,10,0
1,10,6,1,3,10,0
1,10,6,1,3,10,0
1,10,7,1,3,10,0
1,10,7,1,3,10,0
1,10,7,1,4,10,0
1,10,7,1,4,10,0
1,10,8,1,4,10,0
1,10,8,1,4,10,0
1,10,8,1,6,10,0
1,10,8,1,6,10,0
1,10,9,1,7,10,0
1,10,9,1,7,10,0
1,10,9,1,8,10,0
1,10,9,1,8,10,0
1,10,10,1,9,10,0
1,10,10,1,9,10,0
1,10,10,1,10,10,0
1,10,10,1,10,10,0
1,10,11,1,11,10,0
1,10,11,1,11,10,0
1,10,11,1,12,10,0
1,10,11,1,12,10,0
1,10,12,1,12,10,0
1,10,12,1,12,10,0
1,10,12,1,13,10,0
1,10,12,1,13,10,0
1,10,13,1,14,10,0
1,10,13,1,14,10,0
1,10,13,1,14,10,0
1,10,13,1,14,10,0
1,10,14,1,15,10,0
1,10,14,1,15,10,0
1,10,14,1,14,10,0
1,10,14,1,14,10,0
1,10,15,1,14,10,0
1,10,15,1,14,10,0
1,10,15,1,14,10,0
1,10,15,1,14,10,0
1,10,16,1,14,10,0
1,10,16,1,14,10,0
1,10,16,1,13,10,0
1,10,16,1,13,10,0
1,10,17,1,12,10,0
1,10,17,1,12,10,0
1,10,17,1,12,10,0
1,10,17,1,12,10,0
1,10,18,1,11,10,0
1,10,18,1,11,10,0
1,10,18,1,9,10,0
1,10,18,1,9,10,0
1,10,19,1,9,10,0
1,10,19,1,9,10,0
1,10,19,1,8,10,0
1,10,19,1,8,10,0
1,10,20,1,8,10,0
1,10,20,1,8,10,0
1,10,20,1,8,10,0
1,10,20,1,8,10,0
1,10,21,1,8,10,0
1,10,21,1,8,10,0
1,10,21,1,7,10,0
1,10,21,1,7,10,0
1,10,22,1,5,10,0
1,10,22,1,5,10,0
1,10,22,1,6,10,0
1,10,22,1,6,10,0
1,10,23,1,5,10,0
1,10,23,1,5,10,0
1,10,23,1,5,10,0
1,10,23,1,5,10,0
1,11,0,1,5,11,0
1,11,0,1,5,11,0
1,11,0,1,4,11,0
1,11,0,1,4,11,0
1,11,1,1,3,11,0
1,11,1,1,3,11,0
1,11,1,1,4,11,0
1,11,1,1,4,11,0
1,11,2,1,4,11,0
1,11,2,1,4,11,0
1,11,2,1,3,11,0
1,11,2,1,3,11,0
1,11,3,1,3,11,0
1,11,3,1,3,11,0
1,11,3,1,2,11,0
1,11,3,1,2,11,0
1,11,4,1,2,11,0
1,11,4,1,2,11,0
1,11,4,1,3,11,0
1,11,4,1,3,11,0
1,11,5,1,3,11,0
1,11,5,1,3,11,0
1,11,5,1,4,11,0
1,11,5,1,4,11,0
1,11,6,1,3,11,0
1,11,6,1,3,11,0
1,11,6,1,2,11,0
1,11,6,1,2,11,0
1,11,7,1,2,11,0
1,11,7,1,2,11,0
1,11,7,1,3,11,0
1,11,7,1,3,11,0
1,11,8,1,4,11,0
1,11,8,1,4,11,0
1,11,8,1,6,11,0
1,11,8,1,6,11,0
1,11,9,1,8,11,0
1,11,9,1,8,11,0
1,11,9,1,9,11,0
1,11,9,1,9,11,0
1,11,10,1,11,11,0
1,11,10,1,11,11,0
1,11,10,1,12,11,0
1,11,10,1,12,11,0
1,11,11,1,13,11,0
1,11,11,1,13,11,0
1,11,11,1,14,11,0
1,11,11,1,14,11,0
1,11,12,1,15,11,0
1,11,12,1,15,11,0
1,11,12,1,15,11,0
1,11,12,1,15,11,0
1,11,13,1,15,11,0
1,11,13,1,15,11,0
1,11,13,1,15,11,0
1,11,13,1,15,11,0
1,11,14,1,15,11,0
1,11,14,1,15,11,0
1,11,14,1,16,11,0
1,11,14,1,16,11,0
1,11,15,1,15,11,0
1,11,15,1,15,11,0
1,11,15,1,15,11,0
1,11,15,1,15,11,0
1,11,16,1,14,11,0
1,11,16,1,14,11,0
1,11,16,1,13,11,0
1,11,16,1,13,11,0
1,11,17,1,12,11,0
1,11,17,1,12,11,0
1,11,17,1,12,11,0
1,11,17,1,12,11,0
1,11,18,1,11,11,0
1,11,18,1,11,11,0
1,11,18,1,11,11,0
1,11,18,1,11,11,0
1,11,19,1,10,11,0
1,11,19,1,10,11,0
1,11,19,1,9,11,0
1,11,19,1,9,11,0
1,11,20,1,9,11,0
1,11,20,1,9,11,0
1,11,20,1,9,11,0
1,11,20,1,9,11,0
1,11,21,1,8,11,0
1,11,21,1,8,11,0
1,11,21,1,8,11,0
1,11,21,1,8,11,0
1,11,22,1,7,11,0
1,11,22,1,7,11,0
1,11,22,1,7,11,0
1,11,22,1,7,11,0
1,11,23,1,7,11,0
1,11,23,1,7,11,0
1,11,23,1,7,11,0
1,11,23,1,7,11,0
1,12,0,0,7,12,0
1,12,0,0,7,12,0
1,12,0,0,6,12,0
1,12,0,0,6,12,0
1,12,1,0,6,12,0
1,12,1,0,6,12,0
1,12,1,0,6,12,0
1,12,1,0,6,12,0
1,12,2,0,6,12,0
1,12,2,0,6,12,0
1,12,2,0,6,12,0
1,12,2,0,6,12,0
1,12,3,0,6,12,0
1,12,3,0,6,12,0
1,12,3,0,5,12,0
1,12,3,0,5,12,0
1,12,4,0,5,12,0
1,12,4,0,5,12,0
1,12,4,0,5,12,0
1,12,4,0,5,12,0
1,12,5,0,5,12,0
1,12,5,0,5,12,0
1,12,5,0,5,12,0
1,12,5,0,5,12,0
1,12,6,0,5,12,0
1,12,6,0,5,12,0
1,12,6,0,5,12,0
1,12,6,0,5,12,0
1,12,7,0,5,12,0
1,12,7,0,5,12,0
1,12,7,0,5,12,0
1,12,7,0,5,12,0
1,12,8,0,6,12,0
1,12,8,0,6,12,0
1,12,8,0,6,12,0
1,12,8,0,6,12,0
1,12,9,0,7,12,0
1,12,9,0,7,12,0
1,12,9,0,8,12,0
1,12,9,0,8,12,0
1,12,10,0,8,12,0
1,12,10,0,8,12,0
1,12,10,0,8,12,0
1,12,10,0,8,12,0
1,12,11,0,9,12,0
1,12,11,0,9,12,0
1,12,11,0,9,12,0
1,12,11,0,9,12,0
1,12,12,0,9,12,0
1,12,12,0,9,12,0
1,12,12,0,9,12,0
1,12,12,0,9,12,0
1,12,13,0,9,12,0
1,12,13,0,9,12,0
1,12,13,0,9,12,0
1,12,13,0,9,12,0
1,12,14,0,9,12,0
1,12,14,0,9,12,0
1,12,14,0,9,12,0
1,12,14,0,9,12,0
1,12,15,0,8,12,0
1,12,15,0,8,12,0
1,12,15,0,8,12,0
1,12,15,0,8,12,0
1,12,16,0,8,12,0
1,12,16,0,8,12,0
1,12,16,0,8,12,0
1,12,16,0,8,12,0
1,12,17,0,7,12,0
1,12,17,0,7,12,0
1,12,17,0,7,12,0
1,12,17,0,7,12,0
1,12,18,0,7,12,0
1,12,18,0,7,12,0
1,12,18,0,7,12,0
1,12,18,0,7,12,0
1,12,19,0,7,12,0
1,12,19,0,7,12,0
1,12,19,0,7,12,0
1,12,19,0,7,12,0
1,12,20,0,7,12,0
1,12,20,0,7,12,0
1,12,20,0,7,12,0
1,12,20,0,7,12,0
1,12,21,0,6,12,0
1,12,21,0,6,12,0
1,12,21,0,6,12,0
1,12,21,0,6,12,0
1,12,22,0,6,12,0
1,12,22,0,6,12,0
1,12,22,0,6,12,0
1,12,22,0,6,12,0
1,12,23,0,6,12,0
1,12,23,0,6,12,0
1,12,23,0,6,12,0
1,12,23,0,6,12,0
1,13,0,0,6,13,0
1,13,0,0,6,13,0
1,13,0,0,6,13,0
1,13,0,0,6,13,0
1,13,1,0,6,13,0
1,13,1,0,6,13,0
1,13,1,0,6,13,0
1,13,1,0,6,13,0
1,13,2,0,6,13,0
1,13,2,0,6,13,0
1,13,2,0,6,13,0
1,13,2,0,6,13,0
1,13,3,0,6,13,0
1,13,3,0,6,13,0
1,13,3,0,6,13,0
1,13,3,0,6,13,0
1,13,4,0,6,13,0
1,13,4,0,6,13,0
1,13,4,0,6,13,0
1,13,4,0,6,13,0
1,13,5,0,7,13,0
1,13,5,0,7,13,0
1,13,5,0,7,13,0
1,13,5,0,7,13,0
1,13,6,0,7,13,0
1,13,6,0,7,13,0
1,13,6,0,7,13,0
1,13,6,0,7,13,0
1,13,7,0,7,13,0
1,13,7,0,7,13,0
1,13,7,0,7,13,0
1,13,7,0,7,13,0
1,13,8,0,8,13,0
1,13,8,0,8,13,0
1,13,8,0,8,13,0
1,13,8,0,8,13,0
1,13,9,0,8,13,0
1,13,9,0,8,13,0
1,13,9,0,8,13,0
1,13,9,0,8,13,0
1,13,10,0,9,13,0
1,13,10,0,9,13,0
1,13,10,0,9,13,0
1,13,10,0,9,13,0
1,13,11,0,9,13,0
1,13,11,0,9,13,0
1,13,11,0,9,13,0
1,13,11,0,9,13,0
1,13,12,0,10,13,0
1,13,12,0,10,13,0
1,13,12,0,10,13,0
1,13,12,0,10,13,0
1,13,13,0,10,13,0
1,13,13,0,10,13,0
1,13,13,0,9,13,0
1,13,13,0,9,13,0
1,13,14,0,9,13,0
1,13,14,0,9,13,0
1,13,14,0,9,13,0
1,13,14,0,9,13,0
1,13,15,0,9,13,0
1,13,15,0,9,13,0
1,13,15,0,8,13,0
1,13,15,0,8,13,0
1,13,16,0,8,13,0
1,13,16,0,8,13,0
1,13,16,0,8,13,0
1,13,16,0,8,13,0
1,13,17,0,8,13,0
1,13,17,0,8,13,0
1,13,17,0,8,13,0
1,13,17,0,8,13,0
1,13,18,0,8,13,0
1,13,18,0,8,13,0
1,13,18,0,8,13,0
1,13,18,0,8,13,0
1,13,19,0,8,13,0
1,13,19,0,8,13,0
1,13,19,0,8,13,0
1,13,19,0,8,13,0
1,13,20,0,8,13,0
1,13,20,0,8,13,0
1,13,20,0,8,13,0
1,13,20,0,8,13,0
1,13,21,0,8,13,0
1,13,21,0,8,13,0
1,13,21,0,8,13,0
1,13,21,0,8,13,0
1,13,22,0,8,13,0
1,13,22,0,8,13,0
1,13,22,0,8,13,0
1,13,22,0,8,13,0
1,13,23,0,8,13,0
1,13,23,0,8,13,0
1,13,23,0,8,13,0
1,13,23,0,8,13,0
1,14,0,0,9,14,0
1,14,0,0,9,14,0
1,14,0,0,9,14,0
1,14,0,0,9,14,0
1,14,1,0,9,14,0
1,14,1,0,9,14,0
1,14,1,0,9,14,0
1,14,1,0,9,14,0
1,14,2,0,9,14,0
1,14,2,0,9,14,0
1,14,2,0,9,14,0
1,14,2,0,9,14,0
1,14,3,0,9,14,0
1,14,3,0,9,14,0
1,14,3,0,8,14,0
1,14,3,0,8,14,0
1,14,4,0,8,14,0
1,14,4,0,8,14,0
1,14,4,0,8,14,0
1,14,4,0,8,14,0
1,14,5,0,8,14,0
1,14,5,0,8,14,0
1,14,5,0,8,14,0
1,14,5,0,8,14,0
1,14,6,0,7,14,0
1,14,6,0,7,14,0
1,14,6,0,8,14,0
1,14,6,0,8,14,0
1,14,7,0,7,14,0
1,14,7,0,7,14,0
1,14,7,0,7,14,0
1,14,7,0,7,14,0
1,14,8,0,7,14,0
1,14,8,0,7,14,0
1,14,8,0,7,14,0
1,14,8,0,7,14,0
1,14,9,0,8,14,0
1,14,9,0,8,14,0
1,14,9,0,8,14,0
1,14,9,0,8,14,0
1,14,10,0,8,14,0
1,14,10,0,8,14,0
1,14,10,0,8,14,0
1,14,10,0,8,14,0
1,14,11,0,8,14,0
1,14,11,0,8,14,0
1,14,11,0,8,14,0
1,14,11,0,8,14,0
1,14,12,0,8,14,0
1,14,12,0,8,14,0
1,14,12,0,9,14,0
1,14,12,0,9,14,0
1,14,13,0,9,14,0
1,14,13,0,9,14,0
1,14,13,0,9,14,0
1,14,13,0,9,14,0
1,14,14,0,9,14,0
1,14,14,0,9,14,0
1,14,14,0,9,14,0
1,14,14,0,9,14,0
1,14,15,0,9,14,0
1,14,15,0,9,14,0
1,14,15,0,8,14,0
1,14,15,0,8,14,0
1,14,16,0,8,14,0
1,14,16,0,8,14,0
1,14,16,0,8,14,0
1,14,16,0,8,14,0
1,14,17,0,8,14,0
1,14,17,0,8,14,0
1,14,17,0,8,14,0
1,14,17,0,8,14,0
1,14,18,0,8,14,0
1,14,18,0,8,14,0
1,14,18,0,8,14,0
1,14,18,0,8,14,0
1,14,19,0,8,14,0
1,14,19,0,8,14,0
1,14,19,0,8,14,0
1,14,19,0,8,14,0
1,14,20,0,8,14,0
1,14,20,0,8,14,0
1,14,20,0,8,14,0
1,14,20,0,8,14,0
1,14,21,0,8,14,0
1,14,21,0,8,14,0
1,14,21,0,8,14,0
1,14,21,0,8,14,0
1,14,22,0,8,14,0
1,14,22,0,8,14,0
1,14,22,0,8,14,0
1,14,22,0,8,14,0
1,14,23,0,8,14,0
1,14,23,0,8,14,0
1,14,23,0,8,14,0
1,14,23,0,8,14,0
1,15,0,0,8,15,0
1,15,0,0,8,15,0
1,15,0,0,7,15,0
1,15,0,0,7,15,0
1,15,1,0,7,15,0
1,15,1,0,7,15,0
1,15,1,0,7,15,0
1,15,1,0,7,15,0
1,15,2,0,7,15,0
1,15,2,0,7,15,0
1,15,2,0,7,15,0
1,15,2,0,7,15,0
1,15,3,0,7,15,0
1,15,3,0,7,15,0
1,15,3,0,7,15,0
1,15,3,0,7,15,0
1,15,4,0,7,15,0
1,15,4,0,7,15,0
1,15,4,0,7,15,0
1,15,4,0,7,15,0
1,15,5,0,7,15,0
1,15,5,0,7,15,0
1,15,5,0,7,15,0
1,15,5,0,7,15,0
1,15,6,0,7,15,0
1,15,6,0,7,15,0
1,15,6,0,7,15,0
1,15,6,0,7,15,0
1,15,7,0,7,15,0
1,15,7,0,7,15,0
1,15,7,0,7,15,0
1,15,7,0,7,15,0
1,15,8,0,7,15,0
1,15,8,0,7,15,0
1,15,8,0,7,15,0
1,15,8,0,7,15,0
1,15,9,0,7,15,0
1,15,9,0,7,15,0
1,15,9,0,7,15,0
1,15,9,0,7,15,0
1,15,10,0,7,15,0
1,15,10,0,7,15,0
1,15,10,0,7,15,0
1,15,10,0,7,15,0
1,15,11,0,8,15,0
1,15,11,0,8,15,0
1,15,11,0,8,15,0
1,15,11,0,8,15,0
1,15,12,0,8,15,0
1,15,12,0,8,15,0
1,15,12,0,8,15,0
1,15,12,0,8,15,0
1,15,13,0,8,15,0
1,15,13,0,8,15,0
1,15,13,0,8,15,0
1,15,13,0,8,15,0
1,15,14,0,9,15,0
1,15,14,0,9,15,0
1,15,14,0,9,15,0
1,15,14,0,9,15,0
1,15,15,0,8,15,0
1,15,15,0,8,15,0
1,15,15,0,8,15,0
1,15,15,0,8,15,0
1,15,16,0,8,15,0
1,15,16,0,8,15,0
1,15,16,0,8,15,0
1,15,16,0,8,15,0
1,15,17,0,8,15,0
1,15,17,0,8,15,0
1,15,17,0,8,15,0
1,15,17,0,8,15,0
1,15,18,0,8,15,0
1,15,18,0,8,15,0
1,15,18,0,8,15,0
1,15,18,0,8,15,0
1,15,19,0,8,15,0
1,15,19,0,8,15,0
1,15,19,0,8,15,0
1,15,19,0,8,15,0
1,15,20,0,7,15,0
1,15,20,0,7,15,0
1,15,20,0,7,15,0
1,15,20,0,7,15,0
1,15,21,0,7,15,0
1,15,21,0,7,15,0
1,15,21,0,7,15,0
1,15,21,0,7,15,0
1,15,22,0,6,15,0
1,15,22,0,6,15,0
1,15,22,0,5,15,0
1,15,22,0,5,15,0
1,15,23,0,6,15,0
1,15,23,0,6,15,0
1,15,23,0,6,15,0
1,15,23,0,6,15,0
1,16,0,0,5,16,0
1,16,0,0,5,16,0
1,16,0,0,5,16,0
1,16,0,0,5,16,0
1,16,1,0,5,16,0
1,16,1,0,5,16,0
1,16,1,0,5,16,0
1,16,1,0,5,16,0
1,16,2,0,6,16,0
1,16,2,0,6,16,0
1,16,2,0,6,16,0
1,16,2,0,6,16,0
1,16,3,0,6,16,0
1,16,3,0,6,16,0
1,16,3,0,6,16,0
1,16,3,0,6,16,0
1,16,4,0,6,16,0
1,16,4,0,6,16,0
1,16,4,0,6,16,0
1,16,4,0,6,16,0
1,16,5,0,6,16,0
1,16,5,0,6,16,0
1,16,5,0,6,16,0
1,16,5,0,6,16,0
1,16,6,0,6,16,0
1,16,6,0,6,16,0
1,16,6,0,6,16,0
1,16,6,0,6,16,0
1,16,7,0,6,16,0
1,16,7,0,6,16,0
1,16,7,0,6,16,0
1,16,7,0,6,16,0
1,16,8,0,7,16,0
1,16,8,0,7,16,0
1,16,8,0,7,16,0
1,16,8,0,7,16,0
1,16,9,0,7,16,0
1,16,9,0,7,16,0
1,16,9,0,8,16,0
1,16,9,0,8,16,0
1,16,10,0,8,16,0
1,16,10,0,8,16,0
1,16,10,0,8,16,0
1,16,10,0,8,16,0
1,16,11,0,8,16,0
1,16,11,0,8,16,0
1,16,11,0,8,16,0
1,16,11,0,8,16,0
1,16,12,0,8,16,0
1,16,12,0,8,16,0
1,16,12,0,8,16,0
1,16,12,0,8,16,0
1,16,13,0,8,16,0
1,16,13,0,8,16,0
1,16,13,0,8,16,0
1,16,13,0,8,16,0
1,16,14,0,8,16,0
1,16,14,0,8,16,0
1,16,14,0,8,16,0
1,16,14,0,8,16,0
1,16,15,0,8,16,0
1,16,15,0,8,16,0
1,16,15,0,8,16,0
1,16,15,0,8,16,0
1,16,16,0,8,16,0
1,16,16,0,8,16,0
1,16,16,0,8,16,0
1,16,16,0,8,16,0
1,16,17,0,8,16,0
1,16,17,0,8,16,0
1,16,17,0,8,16,0
1,16,17,0,8,16,0
1,16,18,0,8,16,0
1,16,18,0,8,16,0
1,16,18,0,8,16,0
1,16,18,0,8,16,0
1,16,19,0,8,16,0
1,16,19,0,8,16,0
1,16,19,0,8,16,0
1,16,19,0,8,16,0
1,16,20,0,7,16,0
1,16,20,0,7,16,0
1,16,20,0,7,16,0
1,16,20,0,7,16,0
1,16,21,0,7,16,0
1,16,21,0,7,16,0
1,16,21,0,6,16,0
1,16,21,0,6,16,0
1,16,22,0,6,16,0
1,16,22,0,6,16,0
1,16,22,0,5,16,0
1,16,22,0,5,16,0
1,16,23,0,5,16,0
1,16,23,0,5,16,0
1,16,23,0,5,16,0
1,16,23,0,5,16,0
1,17,0,1,5,17,0
1,17,0,1,5,17,0
1,17,0,1,4,17,0
1,17,0,1,4,17,0
1,17,1,1,4,17,0
1,17,1,1,4,17,0
1,17,1,1,4,17,0
1,17,1,1,4,17,0
1,17,2,1,4,17,0
1,17,2,1,4,17,0
1,17,2,1,4,17,0
1,17,2,1,4,17,0
1,17,3,1,4,17,0
1,17,3,1,4,17,0
1,17,3,1,4,17,0
1,17,3,1,4,17,0
1,17,4,1,4,17,0
1,17,4,1,4,17,0
1,17,4,1,4,17,0
1,17,4,1,4,17,0
1,17,5,1,4,17,0
1,17,5,1,4,17,0
1,17,5,1,3,17,0
1,17,5,1,3,17,0
1,17,6,1,3,17,0
1,17,6,1,3,17,0
1,17,6,1,3,17,0
1,17,6,1,3,17,0
1,17,7,1,2,17,0
1,17,7,1,2,17,0
1,17,7,1,2,17,0
1,17,7,1,2,17,0
1,17,8,1,3,17,0
1,17,8,1,3,17,0
1,17,8,1,4,17,0
1,17,8,1,4,17,0
1,17,9,1,4,17,0
1,17,9,1,4,17,0
1,17,9,1,5,17,0
1,17,9,1,5,17,0
1,17,10,1,5,17,0
1,17,10,1,5,17,0
1,17,10,1,6,17,0
1,17,10,1,6,17,0
1,17,11,1,6,17,0
1,17,11,1,6,17,0
1,17,11,1,7,17,0
1,17,11,1,7,17,0
1,17,12,1,7,17,0
1,17,12,1,7,17,0
1,17,12,1,7,17,0
1,17,12,1,7,17,0
1,17,13,1,7,17,0
1,17,13,1,7,17,0
1,17,13,1,6,17,0
1,17,13,1,6,17,0
1,17,14,1,7,17,0
1,17,14,1,7,17,0
1,17,14,1,6,17,0
1,17,14,1,6,17,0
1,17,15,1,6,17,0
1,17,15,1,6,17,0
1,17,15,1,6,17,0
1,17,15,1,6,17,0
1,17,16,1,5,17,0
1,17,16,1,5,17,0
1,17,16,1,5,17,0
1,17,16,1,5,17,0
1,17,17,1,5,17,0
1,17,17,1,5,17,0
1,17,17,1,4,17,0
1,17,17,1,4,17,0
1,17,18,1,4,17,0
1,17,18,1,4,17,0
1,17,18,1,5,17,0
1,17,18,1,5,17,0
1,17,19,1,5,17,0
1,17,19,1,5,17,0
1,17,19,1,5,17,0
1,17,19,1,5,17,0
1,17,20,1,5,17,0
1,17,20,1,5,17,0
1,17,20,1,5,17,0
1,17,20,1,5,17,0
1,17,21,1,4,17,0
1,17,21,1,4,17,0
1,17,21,1,4,17,0
1,17,21,1,4,17,0
1,17,22,1,4,17,0
1,17,22,1,4,17,0
1,17,22,1,4,17,0
1,17,22,1,4,17,0
1,17,23,1,4,17,0
1,17,23,1,4,17,0
1,17,23,1,4,17,0
1,17,23,1,4,17,0
1,18,0,1,3,18,0
1,18,0,1,3,18,0
1,18,0,1,3,18,0
1,18,0,1,3,18,0
1,18,1,1,3,18,0
1,18,1,1,3,18,0
1,18,1,1,3,18,0
1,18,1,1,3,18,0
1,18,2,1,3,18,0
1,18,2,1,3,18,0
1,18,2,1,2,18,0
1,18,2,1,2,18,0
1,18,3,1,1,18,0
1,18,3,1,1,18,0
1,18,3,1,2,18,0
1,18,3,1,2,18,0
1,18,4,1,2,18,0
1,18,4,1,2,18,0
1,18,4,1,1,18,0
1,18,4,1,1,18,0
1,18,5,1,1,18,0
1,18,5,1,1,18,0
1,18,5,1,1,18,0
1,18,5,1,1,18,0
1,18,6,1,1,18,0
1,18,6,1,1,18,0
1,18,6,1,1,18,0
1,18,6,1,1,18,0
1,18,7,1,2,18,0
1,18,7,1,2,18,0
1,18,7,1,3,18,0
1,18,7,1,3,18,0
1,18,8,1,4,18,0
1,18,8,1,4,18,0
1,18,8,1,5,18,0
1,18,8,1,5,18,0
1,18,9,1,5,18,0
1,18,9,1,5,18,0
1,18,9,1,6,18,0
1,18,9,1,6,18,0
1,18,10,1,6,18,0
1,18,10,1,6,18,0
1,18,10,1,7,18,0
1,18,10,1,7,18,0
1,18,11,1,8,18,0
1,18,11,1,8,18,0
1,18,11,1,8,18,0
1,18,11,1,8,18,0
1,18,12,1,8,18,0
1,18,12,1,8,18,0
1,18,12,1,8,18,0
1,18,12,1,8,18,0
1,18,13,1,8,18,0
1,18,13,1,8,18,0
1,18,13,1,9,18,0
1,18,13,1,9,18,0
1,18,14,1,9,18,0
1,18,14,1,9,18,0
1,18,14,1,9,18,0
1,18,14,1,9,18,0
1,18,15,1,10,18,0
1,18,15,1,10,18,0
1,18,15,1,9,18,0
1,18,15,1,9,18,0
1,18,16,1,9,18,0
1,18,16,1,9,18,0
1,18,16,1,9,18,0
1,18,16,1,9,18,0
1,18,17,1,9,18,0
1,18,17,1,9,18,0
1,18,17,1,9,18,0
1,18,17,1,9,18,0
1,18,18,1,9,18,0
1,18,18,1,9,18,0
1,18,18,1,8,18,0
1,18,18,1,8,18,0
1,18,19,1,8,18,0
1,18,19,1,8,18,0
1,18,19,1,8,18,0
1,18,19,1,8,18,0
1,18,20,1,7,18,0
1,18,20,1,7,18,0
1,18,20,1,7,18,0
1,18,20,1,7,18,0
1,18,21,1,7,18,0
1,18,21,1,7,18,0
1,18,21,1,7,18,0
1,18,21,1,7,18,0
1,18,22,1,5,18,0
1,18,22,1,5,18,0
1,18,22,1,5,18,0
1,18,22,1,5,18,0
1,18,23,1,5,18,0
1,18,23,1,5,18,0
1,18,23,1,3,18,0
1,18,23,1,3,18,0
1,19,0,0,4,19,0
1,19,0,0,4,19,0
1,19,0,0,5,19,0
1,19,0,0,5,19,0
1,19,1,0,4,19,0
1,19,1,0,4,19,0
1,19,1,0,4,19,0
1,19,1,0,4,19,0
1,19,2,0,3,19,0
1,19,2,0,3,19,0
1,19,2,0,3,19,0
1,19,2,0,3,19,0
1,19,3,0,3,19,0
1,19,3,0,3,19,0
1,19,3,0,3,19,0
1,19,3,0,3,19,0
1,19,4,0,2,19,0
1,19,4,0,2,19,0
1,19,4,0,2,19,0
1,19,4,0,2,19,0
1,19,5,0,3,19,0
1,19,5,0,3,19,0
1,19,5,0,3,19,0
1,19,5,0,3,19,0
1,19,6,0,3,19,0
1,19,6,0,3,19,0
1,19,6,0,2,19,0
1,19,6,0,2,19,0
1,19,7,0,2,19,0
1,19,7,0,2,19,0
1,19,7,0,4,19,0
1,19,7,0,4,19,0
1,19,8,0,5,19,0
1,19,8,0,5,19,0
1,19,8,0,6,19,0
1,19,8,0,6,19,0
1,19,9,0,7,19,0
1,19,9,0,7,19,0
1,19,9,0,8,19,0
1,19,9,0,8,19,0
1,19,10,0,9,19,0
1,19,10,0,9,19,0
1,19,10,0,10,19,0
1,19,10,0,10,19,0
1,19,11,0,11,19,0
1,19,11,0,11,19,0
1,19,11,0,11,19,0
1,19,11,0,11,19,0
1,19,12,0,11,19,0
1,19,12,0,11,19,0
1,19,12,0,11,19,0
1,19,12,0,11,19,0
1,19,13,0,12,19,0
1,19,13,0,12,19,0
1,19,13,0,12,19,0
1,19,13,0,12,19,0
1,19,14,0,12,19,0
1,19,14,0,12,19,0
1,19,14,0,12,19,0
1,19,14,0,12,19,0
1,19,15,0,12,19,0
1,19,15,0,12,19,0
1,19,15,0,12,19,0
1,19,15,0,12,19,0
1,19,16,0,11,19,0
1,19,16,0,11,19,0
1,19,16,0,10,19,0
1,19,16,0,10,19,0
1,19,17,0,10,19,0
1,19,17,0,10,19,0
1,19,17,0,9,19,0
1,19,17,0,9,19,0
1,19,18,0,9,19,0
1,19,18,0,9,19,0
1,19,18,0,9,19,0
1,19,18,0,9,19,0
1,19,19,0,8,19,0
1,19,19,0,8,19,0
1,19,19,0,8,19,0
1,19,19,0,8,19,0
1,19,20,0,8,19,0
1,19,20,0,8,19,0
1,19,20,0,7,19,0
1,19,20,0,7,19,0
1,19,21,0,7,19,0
1,19,21,0,7,19,0
1,19,21,0,7,19,0
1,19,21,0,7,19,0
1,19,22,0,7,19,0
1,19,22,0,7,19,0
1,19,22,0,7,19,0
1,19,22,0,7,19,0
1,19,23,0,6,19,0
1,19,23,0,6,19,0
1,19,23,0,6,19,0
1,19,23,0,6,19,0
1,20,0,0,6,20,0
1,20,0,0,6,20,0
1,20,0,0,6,20,0
1,20,0,0,6,20,0
1,20,1,0,6,20,0
1,20,1,0,6,20,0
1,20,1,0,6,20,0
1,20,1,0,6,20,0
1,20,2,0,6,20,0
1,20,2,0,6,20,0
1,20,2,0,6,20,0
1,20,2,0,6,20,0
1,20,3,0,6,20,0
1,20,3,0,6,20,0
1,20,3,0,5,20,0
1,20,3,0,5,20,0
1,20,4,0,6,20,0
1,20,4,0,6,20,0
1,20,4,0,5,20,0
1,20,4,0,5,20,0
1,20,5,0,5,20,0
1,20,5,0,5,20,0
1,20,5,0,6,20,0
1,20,5,0,6,20,0
1,20,6,0,6,20,0
1,20,6,0,6,20,0
1,20,6,0,6,20,0
1,20,6,0,6,20,0
1,20,7,0,6,20,0
1,20,7,0,6,20,0
1,20,7,0,7,20,0
1,20,7,0,7,20,0
1,20,8,0,7,20,0
1,20,8,0,7,20,0
1,20,8,0,7,20,0
1,20,8,0,7,20,0
1,20,9,0,8,20,0
1,20,9,0,8,20,0
1,20,9,0,8,20,0
1,20,9,0,8,20,0
1,20,10,0,8,20,0
1,20,10,0,8,20,0
1,20,10,0,9,20,0
1,20,10,0,9,20,0
1,20,11,0,9,20,0
1,20,11,0,9,20,0
1,20,11,0,10,20,0
1,20,11,0,10,20,0
1,20,12,0,10,20,0
1,20,12,0,10,20,0
1,20,12,0,11,20,0
1,20,12,0,11,20,0
1,20,13,0,11,20,0
1,20,13,0,11,20,0
1,20,13,0,11,20,0
1,20,13,0,11,20,0
1,20,14,0,11,20,0
1,20,14,0,11,20,0
1,20,14,0,11,20,0
1,20,14,0,11,20,0
1,20,15,0,11,20,0
1,20,15,0,11,20,0
1,20,15,0,11,20,0
1,20,15,0,11,20,0
1,20,16,0,11,20,0
1,20,16,0,11,20,0
1,20,16,0,11,20,0
1,20,16,0,11,20,0
1,20,17,0,10,20,0
1,20,17,0,10,20,0
1,20,17,0,10,20,0
1,20,17,0,10,20,0
1,20,18,0,10,20,0
1,20,18,0,10,20,0
1,20,18,0,10,20,0
1,20,18,0,10,20,0
1,20,19,0,10,20,0
1,20,19,0,10,20,0
1,20,19,0,10,20,0
1,20,19,0,10,20,0
1,20,20,0,10,20,0
1,20,20,0,10,20,0
1,20,20,0,10,20,0
1,20,20,0,10,20,0
1,20,21,0,10,20,0
1,20,21,0,10,20,0
1,20,21,0,10,20,0
1,20,21,0,10,20,0
1,20,22,0,9,20,0
1,20,22,0,9,20,0
1,20,22,0,9,20,0
1,20,22,0,9,20,0
1,20,23,0,9,20,0
1,20,23,0,9,20,0
1,20,23,0,9,20,0
1,20,23,0,9,20,0
1,21,0,0,9,21,0
1,21,0,0,9,21,0
1,21,0,0,9,21,0
1,21,0,0,9,21,0
1,21,1,0,9,21,0
1,21,1,0,9,21,0
1,21,1,0,9,21,0
1,21,1,0,9,21,0
1,21,2,0,9,21,0
1,21,2,0,9,21,0
1,21,2,0,8,21,0
1,21,2,0,8,21,0
1,21,3,0,8,21,0
1,21,3,0,8,21,0
1,21,3,0,7,21,0
1,21,3,0,7,21,0
1,21,4,0,7,21,0
1,21,4,0,7,21,0
1,21,4,0,6,21,0
1,21,4,0,6,21,0
1,21,5,0,6,21,0
1,21,5,0,6,21,0
1,21,5,0,6,21,0
1,21,5,0,6,21,0
1,21,6,0,6,21,0
1,21,6,0,6,21,0
1,21,6,0,6,21,0
1,21,6,0,6,21,0
1,21,7,0,6,21,0
1,21,7,0,6,21,0
1,21,7,0,6,21,0
1,21,7,0,6,21,0
1,21,8,0,7,21,0
1,21,8,0,7,21,0
1,21,8,0,8,21,0
1,21,8,0,8,21,0
1,21,9,0,9,21,0
1,21,9,0,9,21,0
1,21,9,0,10,21,0
1,21,9,0,10,21,0
1,21,10,0,11,21,0
1,21,10,0,11,21,0
1,21,10,0,12,21,0
1,21,10,0,12,21,0
1,21,11,0,14,21,0
1,21,11,0,14,21,0
1,21,11,0,14,21,0
1,21,11,0,14,21,0
1,21,12,0,14,21,0
1,21,12,0,14,21,0
1,21,12,0,14,21,0
1,21,12,0,14,21,0
1,21,13,0,15,21,0
1,21,13,0,15,21,0
1,21,13,0,15,21,0
1,21,13,0,15,21,0
1,21,14,0,15,21,0
1,21,14,0,15,21,0
1,21,14,0,15,21,0
1,21,14,0,15,21,0
1,21,15,0,15,21,0
1,21,15,0,15,21,0
1,21,15,0,15,21,0
1,21,15,0,15,21,0
1,21,16,0,14,21,0
1,21,16,0,14,21,0
1,21,16,0,14,21,0
1,21,16,0,14,21,0
1,21,17,0,13,21,0
1,21,17,0,13,21,0
1,21,17,0,13,21,0
1,21,17,0,13,21,0
1,21,18,0,12,21,0
1,21,18,0,12,21,0
1,21,18,0,12,21,0
1,21,18,0,12,21,0
1,21,19,0,12,21,0
1,21,19,0,12,21,0
1,21,19,0,12,21,0
1,21,19,0,12,21,0
1,21,20,0,11,21,0
1,21,20,0,11,21,0
1,21,20,0,10,21,0
1,21,20,0,10,21,0
1,21,21,0,10,21,0
1,21,21,0,10,21,0
1,21,21,0,9,21,0
1,21,21,0,9,21,0
1,21,22,0,8,21,0
1,21,22,0,8,21,0
1,21,22,0,7,21,0
1,21,22,0,7,21,0
1,21,23,0,7,21,0
1,21,23,0,7,21,0
1,21,23,0,7,21,0
1,21,23,0,7,21,0
1,22,0,0,7,22,0
1,22,0,0,7,22,0
1,22,0,0,7,22,0
1,22,0,0,7,22,0
1,22,1,0,6,22,0
1,22,1,0,6,22,0
1,22,1,0,5,22,0
1,22,1,0,5,22,0
1,22,2,0,5,22,0
1,22,2,0,5,22,0
1,22,2,0,5,22,0
1,22,2,0,5,22,0
1,22,3,0,5,22,0
1,22,3,0,5,22,0
1,22,3,0,5,22,0
1,22,3,0,5,22,0
1,22,4,0,4,22,0
1,22,4,0,4,22,0
1,22,4,0,4,22,0
1,22,4,0,4,22,0
1,22,5,0,4,22,0
1,22,5,0,4,22,0
1,22,5,0,4,22,0
1,22,5,0,4,22,0
1,22,6,0,4,22,0
1,22,6,0,4,22,0
1,22,6,0,4,22,0
1,22,6,0,4,22,0
1,22,7,0,4,22,0
1,22,7,0,4,22,0
1,22,7,0,4,22,0
1,22,7,0,4,22,0
1,22,8,0,4,22,0
1,22,8,0,4,22,0
1,22,8,0,4,22,0
1,22,8,0,4,22,0
1,22,9,0,5,22,0
1,22,9,0,5,22,0
1,22,9,0,6,22,0
1,22,9,0,6,22,0
1,22,10,0,6,22,0
1,22,10,0,6,22,0
1,22,10,0,6,22,0
1,22,10,0,6,22,0
1,22,11,0,7,22,0
1,22,11,0,7,22,0
1,22,11,0,7,22,0
1,22,11,0,7,22,0
1,22,12,0,7,22,0
1,22,12,0,7,22,0
1,22,12,0,7,22,0
1,22,12,0,7,22,0
1,22,13,0,7,22,0
1,22,13,0,7,22,0
1,22,13,0,7,22,0
1,22,13,0,7,22,0
1,22,14,0,7,22,0
1,22,14,0,7,22,0
1,22,14,0,7,22,0
1,22,14,0,7,22,0
1,22,15,0,7,22,0
1,22,15,0,7,22,0
1,22,15,0,7,22,0
1,22,15,0,7,22,0
1,22,16,0,7,22,0
1,22,16,0,7,22,0
1,22,16,0,7,22,0
1,22,16,0,7,22,0
1,22,17,0,7,22,0
1,22,17,0,7,22,0
1,22,17,0,6,22,0
1,22,17,0,6,22,0
1,22,18,0,6,22,0
1,22,18,0,6,22,0
1,22,18,0,6,22,0
1,22,18,0,6,22,0
1,22,19,0,5,22,0
1,22,19,0,5,22,0
1,22,19,0,5,22,0
1,22,19,0,5,22,0
1,22,20,0,4,22,0
1,22,20,0,4,22,0
1,22,20,0,4,22,0
1,22,20,0,4,22,0
1,22,21,0,3,22,0
1,22,21,0,3,22,0
1,22,21,0,4,22,0
1,22,21,0,4,22,0
1,22,22,0,3,22,0
1,22,22,0,3,22,0
1,22,22,0,3,22,0
1,22,22,0,3,22,0
1,22,23,0,3,22,0
1,22,23,0,3,22,0
1,22,23,0,3,22,0
1,22,23,0,3,22,0
1,23,0,0,3,23,0
1,23,0,0,3,23,0
1,23,0,0,4,23,0
1,23,0,0,4,23,0
1,23,1,0,3,23,0
1,23,1,0,3,23,0
1,23,1,0,1,23,0
1,23,1,0,1,23,0
1,23,2,0,2,23,0
1,23,2,0,2,23,0
1,23,2,0,1,23,0
1,23,2,0,1,23,0
1,23,3,0,1,23,0
1,23,3,0,1,23,0
1,23,3,0,1,23,0
1,23,3,0,1,23,0
1,23,4,0,1,23,0
1,23,4,0,1,23,0
1,23,4,0,1,23,0
1,23,4,0,1,23,0
1,23,5,0,0,23,0
1,23,5,0,0,23,0
1,23,5,0,1,23,0
1,23,5,0,1,23,0
1,23,6,0,1,23,0
1,23,6,0,1,23,0
1,23,6,0,0,23,0
1,23,6,0,0,23,0
1,23,7,0,0,23,0
1,23,7,0,0,23,0
1,23,7,0,2,23,0
1,23,7,0,2,23,0
1,23,8,0,3,23,0
1,23,8,0,3,23,0
1,23,8,0,4,23,0
1,23,8,0,4,23,0
1,23,9,0,5,23,0
1,23,9,0,5,23,0
1,23,9,0,5,23,0
1,23,9,0,5,23,0
1,23,10,0,6,23,0
1,23,10,0,6,23,0
1,23,10,0,7,23,0
1,23,10,0,7,23,0
1,23,11,0,7,23,0
1,23,11,0,7,23,0
1,23,11,0,8,23,0
1,23,11,0,8,23,0
1,23,12,0,9,23,0
1,23,12,0,9,23,0
1,23,12,0,10,23,0
1,23,12,0,10,23,0
1,23,13,0,10,23,0
1,23,13,0,10,23,0
1,23,13,0,10,23,0
1,23,13,0,10,23,0
1,23,14,0,11,23,0
1,23,14,0,11,23,0
1,23,14,0,10,23,0
1,23,14,0,10,23,0
1,23,15,0,10,23,0
1,23,15,0,10,23,0
1,23,15,0,10,23,0
1,23,15,0,10,23,0
1,23,16,0,10,23,0
1,23,16,0,10,23,0
1,23,16,0,10,23,0
1,23,16,0,10,23,0
1,23,17,0,9,23,0
1,23,17,0,9,23,0
1,23,17,0,8,23,0
1,23,17,0,8,23,0
1,23,18,0,8,23,0
1,23,18,0,8,23,0
1,23,18,0,8,23,0
1,23,18,0,8,23,0
1,23,19,0,7,23,0
1,23,19,0,7,23,0
1,23,19,0,7,23,0
1,23,19,0,7,23,0
1,23,20,0,7,23,0
1,23,20,0,7,23,0
1,23,20,0,7,23,0
1,23,20,0,7,23,0
1,23,21,0,7,23,0
1,23,21,0,7,23,0
1,23,21,0,7,23,0
1,23,21,0,7,23,0
1,23,22,0,7,23,0
1,23,22,0,7,23,0
1,23,22,0,7,23,0
1,23,22,0,7,23,0
1,23,23,0,7,23,0
1,23,23,0,7,23,0
1,23,23,0,7,23,0
1,23,23,0,7,23,0
1,24,0,1,7,24,0
1,24,0,1,7,24,0
1,24,0,1,7,24,0
1,24,0,1,7,24,0
1,24,1,1,7,24,0
1,24,1,1,7,24,0
1,24,1,1,7,24,0
1,24,1,1,7,24,0
1,24,2,1,7,24,0
1,24,2,1,7,24,0
1,24,2,1,7,24,0
1,24,2,1,7,24,0
1,24,3,1,6,24,0
1,24,3,1,6,24,0
1,24,3,1,6,24,0
1,24,3,1,6,24,0
1,24,4,1,6,24,0
1,24,4,1,6,24,0
1,24,4,1,7,24,0
1,24,4,1,7,24,0
1,24,5,1,7,24,0
1,24,5,1,7,24,0
1,24,5,1,7,24,0
1,24,5,1,7,24,0
1,24,6,1,6,24,0
1,24,6,1,6,24,0
1,24,6,1,6,24,0
1,24,6,1,6,24,0
1,24,7,1,6,24,0
1,24,7,1,6,24,0
1,24,7,1,5,24,0
1,24,7,1,5,24,0
1,24,8,1,7,24,0
1,24,8,1,7,24,0
1,24,8,1,9,24,0
1,24,8,1,9,24,0
1,24,9,1,10,24,0
1,24,9,1,10,24,0
1,24,9,1,11,24,0
1,24,9,1,11,24,0
1,24,10,1,12,24,0
1,24,10,1,12,24,0
1,24,10,1,13,24,0
1,24,10,1,13,24,0
1,24,11,1,14,24,0
1,24,11,1,14,24,0
1,24,11,1,15,24,0
1,24,11,1,15,24,0
1,24,12,1,15,24,0
1,24,12,1,15,24,0
1,24,12,1,15,24,0
1,24,12,1,15,24,0
1,24,13,1,16,24,0
1,24,13,1,16,24,0
1,24,13,1,16,24,0
1,24,13,1,16,24,0
1,24,14,1,16,24,0
1,24,14,1,16,24,0
1,24,14,1,16,24,0
1,24,14,1,16,24,0
1,24,15,1,16,24,0
1,24,15,1,16,24,0
1,24,15,1,16,24,0
1,24,15,1,16,24,0
1,24,16,1,15,24,0
1,24,16,1,15,24,0
1,24,16,1,15,24,0
1,24,16,1,15,24,0
1,24,17,1,15,24,0
1,24,17,1,15,24,0
1,24,17,1,14,24,0
1,24,17,1,14,24,0
1,24,18,1,14,24,0
1,24,18,1,14,24,0
1,24,18,1,13,24,0
1,24,18,1,13,24,0
1,24,19,1,13,24,0
1,24,19,1,13,24,0
1,24,19,1,12,24,0
1,24,19,1,12,24,0
1,24,20,1,12,24,0
1,24,20,1,12,24,0
1,24,20,1,12,24,0
1,24,20,1,12,24,0
1,24,21,1,12,24,0
1,24,21,1,12,24,0
1,24,21,1,12,24,0
1,24,21,1,12,24,0
1,24,22,1,12,24,0
1,24,22,1,12,24,0
1,24,22,1,12,24,0
1,24,22,1,12,24,0
1,24,23,1,11,24,0
1,24,23,1,11,24,0
1,24,23,1,11,24,0
1,24,23,1,11,24,0
1,25,0,1,11,25,0
1,25,0,1,11,25,0
1,25,0,1,11,25,0
1,25,0,1,11,25,0
1,25,1,1,11,25,0
1,25,1,1,11,25,0
1,25,1,1,11,25,0
1,25,1,1,11,25,0
1,25,2,1,11,25,0
1,25,2,1,11,25,0
1,25,2,1,12,25,0
1,25,2,1,12,25,0
1,25,3,1,12,25,0
1,25,3,1,12,25,0
1,25,3,1,12,25,0
1,25,3,1,12,25,0
1,25,4,1,13,25,0
1,25,4,1,13,25,0
1,25,4,1,13,25,0
1,25,4,1,13,25,0
1,25,5,1,13,25,0
1,25,5,1,13,25,0
1,25,5,1,13,25,0
1,25,5,1,13,25,0
1,25,6,1,13,25,0
1,25,6,1,13,25,0
1,25,6,1,13,25,0
1,25,6,1,13,25,0
1,25,7,1,13,25,0
1,25,7,1,13,25,0
1,25,7,1,13,25,0
1,25,7,1,13,25,0
1,25,8,1,13,25,0
1,25,8,1,13,25,0
1,25,8,1,13,25,0
1,25,8,1,13,25,0
1,25,9,1,14,25,0
1,25,9,1,14,25,0
1,25,9,1,14,25,0
1,25,9,1,14,25,0
1,25,10,1,14,25,0
1,25,10,1,14,25,0
1,25,10,1,14,25,0
1,25,10,1,14,25,0
1,25,11,1,14,25,0
1,25,11,1,14,25,0
1,25,11,1,14,25,0
1,25,11,1,14,25,0
1,25,12,1,14,25,0
1,25,12,1,14,25,0
1,25,12,1,14,25,0
1,25,12,1,14,25,0
1,25,13,1,13,25,0
1,25,13,1,13,25,0
1,25,13,1,12,25,0
1,25,13,1,12,25,0
1,25,14,1,12,25,0
1,25,14,1,12,25,0
1,25,14,1,12,25,0
1,25,14,1,12,25,0
1,25,15,1,12,25,0
1,25,15,1,12,25,0
1,25,15,1,13,25,0
1,25,15,1,13,25,0
1,25,16,1,12,25,0
1,25,16,1,12,25,0
1,25,16,1,12,25,0
1,25,16,1,12,25,0
1,25,17,1,12,25,0
1,25,17,1,12,25,0
1,25,17,1,11,25,0
1,25,17,1,11,25,0
1,25,18,1,11,25,0
1,25,18,1,11,25,0
1,25,18,1,11,25,0
1,25,18,1,11,25,0
1,25,19,1,11,25,0
1,25,19,1,11,25,0
1,25,19,1,10,25,0
1,25,19,1,10,25,0
1,25,20,1,10,25,0
1,25,20,1,10,25,0
1,25,20,1,10,25,0
1,25,20,1,10,25,0
1,25,21,1,10,25,0
1,25,21,1,10,25,0
1,25,21,1,9,25,0
1,25,21,1,9,25,0
1,25,22,1,9,25,0
1,25,22,1,9,25,0
1,25,22,1,9,25,0
1,25,22,1,9,25,0
1,25,23,1,9,25,0
1,25,23,1,9,25,0
1,25,23,1,9,25,0
1,25,23,1,9,25,0
1,26,0,0,9,26,0
1,26,0,0,9,26,0
1,26,0,0,9,26,0
1,26,0,0,9,26,0
1,26,1,0,9,26,0
1,26,1,0,9,26,0
1,26,1,0,9,26,0
1,26,1,0,9,26,0
1,26,2,0,9,26,0
1,26,2,0,9,26,0
1,26,2,0,9,26,0
1,26,2,0,9,26,0
1,26,3,0,8,26,0
1,26,3,0,8,26,0
1,26,3,0,8,26,0
1,26,3,0,8,26,0
1,26,4,0,8,26,0
1,26,4,0,8,26,0
1,26,4,0,8,26,0
1,26,4,0,8,26,0
1,26,5,0,8,26,0
1,26,5,0,8,26,0
1,26,5,0,8,26,0
1,26,5,0,8,26,0
1,26,6,0,8,26,0
1,26,6,0,8,26,0
1,26,6,0,8,26,0
1,26,6,0,8,26,0
1,26,7,0,8,26,0
1,26,7,0,8,26,0
1,26,7,0,8,26,0
1,26,7,0,8,26,0
1,26,8,0,8,26,0
1,26,8,0,8,26,0
1,26,8,0,8,26,0
1,26,8,0,8,26,0
1,26,9,0,8,26,0
1,26,9,0,8,26,0
1,26,9,0,9,26,0
1,26,9,0,9,26,0
1,26,10,0,9,26,0
1,26,10,0,9,26,0
1,26,10,0,10,26,0
1,26,10,0,10,26,0
1,26,11,0,10,26,0
1,26,11,0,10,26,0
1,26,11,0,10,26,0
1,26,11,0,10,26,0
1,26,12,0,10,26,0
1,26,12,0,10,26,0
1,26,12,0,10,26,0
1,26,12,0,10,26,0
1,26,13,0,10,26,0
1,26,13,0,10,26,0
1,26,13,0,10,26,0
1,26,13,0,10,26,0
1,26,14,0,10,26,0
1,26,14,0,10,26,0
1,26,14,0,10,26,0
1,26,14,0,10,26,0
1,26,15,0,10,26,0
1,26,15,0,10,26,0
1,26,15,0,10,26,0
1,26,15,0,10,26,0
1,26,16,0,10,26,0
1,26,16,0,10,26,0
1,26,16,0,9,26,0
1,26,16,0,9,26,0
1,26,17,0,9,26,0
1,26,17,0,9,26,0
1,26,17,0,9,26,0
1,26,17,0,9,26,0
1,26,18,0,9,26,0
1,26,18,0,9,26,0
1,26,18,0,8,26,0
1,26,18,0,8,26,0
1,26,19,0,9,26,0
1,26,19,0,9,26,0
1,26,19,0,8,26,0
1,26,19,0,8,26,0
1,26,20,0,8,26,0
1,26,20,0,8,26,0
1,26,20,0,8,26,0
1,26,20,0,8,26,0
1,26,21,0,8,26,0
1,26,21,0,8,26,0
1,26,21,0,8,26,0
1,26,21,0,8,26,0
1,26,22,0,8,26,0
1,26,22,0,8,26,0
1,26,22,0,8,26,0
1,26,22,0,8,26,0
1,26,23,0,8,26,0
1,26,23,0,8,26,0
1,26,23,0,8,26,0
1,26,23,0,8,26,0
1,27,0,0,8,27,0
1,27,0,0,8,27,0
1,27,0,0,7,27,0
1,27,0,0,7,27,0
1,27,1,0,7,27,0
1,27,1,0,7,27,0
1,27,1,0,7,27,0
1,27,1,0,7,27,0
1,27,2,0,7,27,0
1,27,2,0,7,27,0
1,27,2,0,7,27,0
1,27,2,0,7,27,0
1,27,3,0,7,27,0
1,27,3,0,7,27,0
1,27,3,0,7,27,0
1,27,3,0,7,27,0
1,27,4,0,7,27,0
1,27,4,0,7,27,0
1,27,4,0,6,27,0
1,27,4,0,6,27,0
1,27,5,0,7,27,0
1,27,5,0,7,27,0
1,27,5,0,7,27,0
1,27,5,0,7,27,0
1,27,6,0,7,27,0
1,27,6,0,7,27,0
1,27,6,0,7,27,0
1,27,6,0,7,27,0
1,27,7,0,7,27,0
1,27,7,0,7,27,0
1,27,7,0,7,27,0
1,27,7,0,7,27,0
1,27,8,0,6,27,0
1,27,8,0,6,27,0
1,27,8,0,6,27,0
1,27,8,0,6,27,0
1,27,9,0,6,27,0
1,27,9,0,6,27,0
1,27,9,0,6,27,0
1,27,9,0,6,27,0
1,27,10,0,6,27,0
1,27,10,0,6,27,0
1,27,10,0,7,27,0
1,27,10,0,7,27,0
1,27,11,0,6,27,0
1,27,11,0,6,27,0
1,27,11,0,6,27,0
1,27,11,0,6,27,0
1,27,12,0,6,27,0
1,27,12,0,6,27,0
1,27,12,0,6,27,0
1,27,12,0,6,27,0
1,27,13,0,6,27,0
1,27,13,0,6,27,0
1,27,13,0,6,27,0
1,27,13,0,6,27,0
1,27,14,0,6,27,0
1,27,14,0,6,27,0
1,27,14,0,5,27,0
1,27,14,0,5,27,0
1,27,15,0,5,27,0
1,27,15,0,5,27,0
1,27,15,0,5,27,0
1,27,15,0,5,27,0
1,27,16,0,4,27,0
1,27,16,0,4,27,0
1,27,16,0,3,27,0
1,27,16,0,3,27,0
1,27,17,0,3,27,0
1,27,17,0,3,27,0
1,27,17,0,3,27,0
1,27,17,0,3,27,0
1,27,18,0,3,27,0
1,27,18,0,3,27,0
1,27,18,0,3,27,0
1,27,18,0,3,27,0
1,27,19,0,3,27,0
1,27,19,0,3,27,0
1,27,19,0,3,27,0
1,27,19,0,3,27,0
1,27,20,0,3,27,0
1,27,20,0,3,27,0
1,27,20,0,2,27,0
1,27,20,0,2,27,0
1,27,21,0,2,27,0
1,27,21,0,2,27,0
1,27,21,0,2,27,0
1,27,21,0,2,27,0
1,27,22,0,1,27,0
1,27,22,0,1,27,0
1,27,22,0,1,27,0
1,27,22,0,1,27,0
1,27,23,0,1,27,0
1,27,23,0,1,27,0
1,27,23,0,1,27,0
1,27,23,0,1,27,0
1,28,0,0,1,28,0
1,28,0,0,1,28,0
1,28,0,0,1,28,0
1,28,0,0,1,28,0
1,28,1,0,2,28,0
1,28,1,0,2,28,0
1,28,1,0,2,28,0
1,28,1,0,2,28,0
1,28,2,0,2,28,0
1,28,2,0,2,28,0
1,28,2,0,2,28,0
1,28,2,0,2,28,0
1,28,3,0,2,28,0
1,28,3,0,2,28,0
1,28,3,0,2,28,0
1,28,3,0,2,28,0
1,28,4,0,2,28,0
1,28,4,0,2,28,0
1,28,4,0,2,28,0
1,28,4,0,2,28,0
1,28,5,0,2,28,0
1,28,5,0,2,28,0
1,28,5,0,2,28,0
1,28,5,0,2,28,0
1,28,6,0,3,28,0
1,28,6,0,3,28,0
1,28,6,0,3,28,0
1,28,6,0,3,28,0
1,28,7,0,3,28,0
1,28,7,0,3,28,0
1,28,7,0,3,28,0
1,28,7,0,3,28,0
1,28,8,0,3,28,0
1,28,8,0,3,28,0
1,28,8,0,3,28,0
1,28,8,0,3,28,0
1,28,9,0,3,28,0
1,28,9,0,3,28,0
1,28,9,0,3,28,0
1,28,9,0,3,28,0
1,28,10,0,3,28,0
1,28,10,0,3,28,0
1,28,10,0,4,28,0
1,28,10,0,4,28,0
1,28,11,0,4,28,0
1,28,11,0,4,28,0
1,28,11,0,4,28,0
1,28,11,0,4,28,0
1,28,12,0,5,28,0
1,28,12,0,5,28,0
1,28,12,0,5,28,0
1,28,12,0,5,28,0
1,28,13,0,5,28,0
1,28,13,0,5,28,0
1,28,13,0,5,28,0
1,28,13,0,5,28,0
1,28,14,0,5,28,0
1,28,14,0,5,28,0
1,28,14,0,5,28,0
1,28,14,0,5,28,0
1,28,15,0,5,28,0
1,28,15,0,5,28,0
1,28,15,0,6,28,0
1,28,15,0,6,28,0
1,28,16,0,5,28,0
1,28,16,0,5,28,0
1,28,16,0,6,28,0
1,28,16,0,6,28,0
1,28,17,0,5,28,0
1,28,17,0,5,28,0
1,28,17,0,5,28,0
1,28,17,0,5,28,0
1,28,18,0,5,28,0
1,28,18,0,5,28,0
1,28,18,0,5,28,0
1,28,18,0,5,28,0
1,28,19,0,5,28,0
1,28,19,0,5,28,0
1,28,19,0,5,28,0
1,28,19,0,5,28,0
1,28,20,0,5,28,0
1,28,20,0,5,28,0
1,28,20,0,5,28,0
1,28,20,0,5,28,0
1,28,21,0,5,28,0
1,28,21,0,5,28,0
1,28,21,0,5,28,0
1,28,21,0,5,28,0
1,28,22,0,5,28,0
1,28,22,0,5,28,0
1,28,22,0,5,28,0
1,28,22,0,5,28,0
1,28,23,0,5,28,0
1,28,23,0,5,28,0
1,28,23,0,5,28,0
1,28,23,0,5,28,0
1,29,0,0,5,29,0
1,29,0,0,5,29,0
1,29,0,0,5,29,0
1,29,0,0,5,29,0
1,29,1,0,4,29,0
1,29,1,0,4,29,0
1,29,1,0,4,29,0
1,29,1,0,4,29,0
1,29,2,0,4,29,0
1,29,2,0,4,29,0
1,29,2,0,4,29,0
1,29,2,0,4,29,0
1,29,3,0,4,29,0
1,29,3,0,4,29,0
1,29,3,0,3,29,0
1,29,3,0,3,29,0
1,29,4,0,3,29,0
1,29,4,0,3,29,0
1,29,4,0,3,29,0
1,29,4,0,3,29,0
1,29,5,0,3,29,0
1,29,5,0,3,29,0
1,29,5,0,2,29,0
1,29,5,0,2,29,0
1,29,6,0,3,29,0
1,29,6,0,3,29,0
1,29,6,0,3,29,0
1,29,6,0,3,29,0
1,29,7,0,3,29,0
1,29,7,0,3,29,0
1,29,7,0,3,29,0
1,29,7,0,3,29,0
1,29,8,0,3,29,0
1,29,8,0,3,29,0
1,29,8,0,3,29,0
1,29,8,0,3,29,0
1,29,9,0,4,29,0
1,29,9,0,4,29,0
1,29,9,0,4,29,0
1,29,9,0,4,29,0
1,29,10,0,4,29,0
1,29,10,0,4,29,0
1,29,10,0,4,29,0
1,29,10,0,4,29,0
1,29,11,0,4,29,0
1,29,11,0,4,29,0
1,29,11,0,5,29,0
1,29,11,0,5,29,0
1,29,12,0,5,29,0
1,29,12,0,5,29,0
1,29,12,0,5,29,0
1,29,12,0,5,29,0
1,29,13,0,5,29,0
1,29,13,0,5,29,0
1,29,13,0,5,29,0
1,29,13,0,5,29,0
1,29,14,0,5,29,0
1,29,14,0,5,29,0
1,29,14,0,5,29,0
1,29,14,0,5,29,0
1,29,15,0,5,29,0
1,29,15,0,5,29,0
1,29,15,0,5,29,0
1,29,15,0,5,29,0
1,29,16,0,5,29,0
1,29,16,0,5,29,0
1,29,16,0,4,29,0
1,29,16,0,4,29,0
1,29,17,0,4,29,0
1,29,17,0,4,29,0
1,29,17,0,4,29,0
1,29,17,0,4,29,0
1,29,18,0,4,29,0
1,29,18,0,4,29,0
1,29,18,0,4,29,0
1,29,18,0,4,29,0
1,29,19,0,4,29,0
1,29,19,0,4,29,0
1,29,19,0,3,29,0
1,29,19,0,3,29,0
1,29,20,0,3,29,0
1,29,20,0,3,29,0
1,29,20,0,3,29,0
1,29,20,0,3,29,0
1,29,21,0,3,29,0
1,29,21,0,3,29,0
1,29,21,0,3,29,0
1,29,21,0,3,29,0
1,29,22,0,3,29,0
1,29,22,0,3,29,0
1,29,22,0,3,29,0
1,29,22,0,3,29,0
1,29,23,0,3,29,0
1,29,23,0,3,29,0
1,29,23,0,3,29,0
1,29,23,0,3,29,0
1,30,0,0,3,30,0
1,30,0,0,3,30,0
1,30,0,0,3,30,0
1,30,0,0,3,30,0
1,30,1,0,3,30,0
1,30,1,0,3,30,0
1,30,1,0,3,30,0
1,30,1,0,3,30,0
1,30,2,0,3,30,0
1,30,2,0,3,30,0
1,30,2,0,3,30,0
1,30,2,0,3,30,0
1,30,3,0,3,30,0
1,30,3,0,3,30,0
1,30,3,0,2,30,0
1,30,3,0,2,30,0
1,30,4,0,2,30,0
1,30,4,0,2,30,0
1,30,4,0,2,30,0
1,30,4,0,2,30,0
1,30,5,0,2,30,0
1,30,5,0,2,30,0
1,30,5,0,2,30,0
1,30,5,0,2,30,0
1,30,6,0,2,30,0
1,30,6,0,2,30,0
1,30,6,0,2,30,0
1,30,6,0,2,30,0
1,30,7,0,2,30,0
1,30,7,0,2,30,0
1,30,7,0,2,30,0
1,30,7,0,2,30,0
1,30,8,0,2,30,0
1,30,8,0,2,30,0
1,30,8,0,2,30,0
1,30,8,0,2,30,0
1,30,9,0,2,30,0
1,30,9,0,2,30,0
1,30,9,0,2,30,0
1,30,9,0,2,30,0
1,30,10,0,2,30,0
1,30,10,0,2,30,0
1,30,10,0,3,30,0
1,30,10,0,3,30,0
1,30,11,0,4,30,0
1,30,11,0,4,30,0
1,30,11,0,4,30,0
1,30,11,0,4,30,0
1,30,12,0,4,30,0
1,30,12,0,4,30,0
1,30,12,0,5,30,0
1,30,12,0,5,30,0
1,30,13,0,4,30,0
1,30,13,0,4,30,0
1,30,13,0,5,30,0
1,30,13,0,5,30,0
1,30,14,0,5,30,0
1,30,14,0,5,30,0
1,30,14,0,6,30,0
1,30,14,0,6,30,0
1,30,15,0,5,30,0
1,30,15,0,5,30,0
1,30,15,0,5,30,0
1,30,15,0,5,30,0
1,30,16,0,5,30,0
1,30,16,0,5,30,0
1,30,16,0,5,30,0
1,30,16,0,5,30,0
1,30,17,0,5,30,0
1,30,17,0,5,30,0
1,30,17,0,5,30,0
1,30,17,0,5,30,0
1,30,18,0,4,30,0
1,30,18,0,4,30,0
1,30,18,0,4,30,0
1,30,18,0,4,30,0
1,30,19,0,4,30,0
1,30,19,0,4,30,0
1,30,19,0,3,30,0
1,30,19,0,3,30,0
1,30,20,0,3,30,0
1,30,20,0,3,30,0
1,30,20,0,3,30,0
1,30,20,0,3,30,0
1,30,21,0,3,30,0
1,30,21,0,3,30,0
1,30,21,0,3,30,0
1,30,21,0,3,30,0
1,30,22,0,2,30,0
1,30,22,0,2,30,0
1,30,22,0,3,30,0
1,30,22,0,3,30,0
1,30,23,0,3,30,0
1,30,23,0,3,30,0
1,30,23,0,2,30,0
1,30,23,0,2,30,0
1,31,0,1,2,31,0
1,31,0,1,2,31,0
1,31,0,1,2,31,0
1,31,0,1,2,31,0
1,31,1,1,2,31,0
1,31,1,1,2,31,0
1,31,1,1,2,31,0
1,31,1,1,2,31,0
1,31,2,1,2,31,0
1,31,2,1,2,31,0
1,31,2,1,2,31,0
1,31,2,1,2,31,0
1,31,3,1,2,31,0
1,31,3,1,2,31,0
1,31,3,1,2,31,0
1,31,3,1,2,31,0
1,31,4,1,2,31,0
1,31,4,1,2,31,0
1,31,4,1,1,31,0
1,31,4,1,1,31,0
1,31,5,1,2,31,0
1,31,5,1,2,31,0
1,31,5,1,1,31,0
1,31,5,1,1,31,0
1,31,6,1,1,31,0
1,31,6,1,1,31,0
1,31,6,1,1,31,0
1,31,6,1,1,31,0
1,31,7,1,1,31,0
1,31,7,1,1,31,0
1,31,7,1,1,31,0
1,31,7,1,1,31,0
1,31,8,1,2,31,0
1,31,8,1,2,31,0
1,31,8,1,3,31,0
1,31,8,1,3,31,0
1,31,9,1,4,31,0
1,31,9,1,4,31,0
1,31,9,1,4,31,0
1,31,9,1,4,31,0
1,31,10,1,4,31,0
1,31,10,1,4,31,0
1,31,10,1,5,31,0
1,31,10,1,5,31,0
1,31,11,1,5,31,0
1,31,11,1,5,31,0
1,31,11,1,6,31,0
1,31,11,1,6,31,0
1,31,12,1,6,31,0
1,31,12,1,6,31,0
1,31,12,1,7,31,0
1,31,12,1,7,31,0
1,31,13,1,7,31,0
1,31,13,1,7,31,0
1,31,13,1,7,31,0
1,31,13,1,7,31,0
1,31,14,1,6,31,0
1,31,14,1,6,31,0
1,31,14,1,6,31,0
1,31,14,1,6,31,0
1,31,15,1,5,31,0
1,31,15,1,5,31,0
1,31,15,1,5,31,0
1,31,15,1,5,31,0
1,31,16,1,5,31,0
1,31,16,1,5,31,0
1,31,16,1,4,31,0
1,31,16,1,4,31,0
1,31,17,1,4,31,0
1,31,17,1,4,31,0
1,31,17,1,4,31,0
1,31,17,1,4,31,0
1,31,18,1,3,31,0
1,31,18,1,3,31,0
1,31,18,1,3,31,0
1,31,18,1,3,31,0
1,31,19,1,3,31,0
1,31,19,1,3,31,0
1,31,19,1,3,31,0
1,31,19,1,3,31,0
1,31,20,1,3,31,0
1,31,20,1,3,31,0
1,31,20,1,3,31,0
1,31,20,1,3,31,0
1,31,21,1,3,31,0
1,31,21,1,3,31,0
1,31,21,1,3,31,0
1,31,21,1,3,31,0
1,31,22,1,3,31,0
1,31,22,1,3,31,0
1,31,22,1,3,31,0
1,31,22,1,3,31,0
1,31,23,1,3,31,0
1,31,23,1,3,31,0
1,31,23,1,3,31,0
1,31,23,1,3,31,0
2,1,0,1,2,31,0
2,1,0,1,2,31,0
2,1,0,1,3,31,0
2,1,0,1,3,31,0
2,1,1,1,2,31,0
2,1,1,1,2,31,0
2,1,1,1,2,31,0
2,1,1,1,2,31,0
2,1,2,1,3,31,0
2,1,2,1,3,31,0
2,1,2,1,3,31,0
2,1,2,1,3,31,0
2,1,3,1,2,31,0
2,1,3,1,2,31,0
2,1,3,1,2,31,0
2,1,3,1,2,31,0
2,1,4,1,2,31,0
2,1,4,1,2,31,0
2,1,4,1,2,31,0
2,1,4,1,2,31,0
2,1,5,1,2,31,0
2,1,5,1,2,31,0
2,1,5,1,3,31,0
2,1,5,1,3,31,0
2,1,6,1,2,31,0
2,1,6,1,2,31,0
2,1,6,1,2,31,0
2,1,6,1,2,31,0
2,1,7,1,3,31,0
2,1,7,1,3,31,0
2,1,7,1,3,31,0
2,1,7,1,3,31,0
2,1,8,1,3,31,0
2,1,8,1,3,31,0
2,1,8,1,4,31,0
2,1,8,1,4,31,0
2,1,9,1,4,31,0
2,1,9,1,4,31,0
2,1,9,1,4,31,0
2,1,9,1,4,31,0
2,1,10,1,5,31,0
2,1,10,1,5,31,0
2,1,10,1,5,31,0
2,1,10,1,5,31,0
2,1,11,1,5,31,0
2,1,11,1,5,31,0
2,1,11,1,6,31,0
2,1,11,1,6,31,0
2,1,12,1,6,31,0
2,1,12,1,6,31,0
2,1,12,1,6,31,0
2,1,12,1,6,31,0
2,1,13,1,6,31,0
2,1,13,1,6,31,0
2,1,13,1,6,31,0
2,1,13,1,6,31,0
2,1,14,1,6,31,0
2,1,14,1,6,31,0
2,1,14,1,6,31,0
2,1,14,1,6,31,0
2,1,15,1,6,31,0
2,1,15,1,6,31,0
2,1,15,1,6,31,0
2,1,15,1,6,31,0
2,1,16,1,5,31,0
2,1,16,1,5,31,0
2,1,16,1,5,31,0
2,1,16,1,5,31,0
2,1,17,1,5,31,0
2,1,17,1,5,31,0
2,1,17,1,5,31,0
2,1,17,1,5,31,0
2,1,18,1,5,31,0
2,1,18,1,5,31,0
2,1,18,1,5,31,0
2,1,18,1,5,31,0
2,1,19,1,5,31,0
2,1,19,1,5,31,0
2,1,19,1,4,31,0
2,1,19,1,4,31,0
2,1,20,1,4,31,0
2,1,20,1,4,31,0
2,1,20,1,4,31,0
2,1,20,1,4,31,0
2,1,21,1,4,31,0
2,1,21,1,4,31,0
2,1,21,1,4,31,0
2,1,21,1,4,31,0
2,1,22,1,4,31,0
2,1,22,1,4,31,0
2,1,22,1,4,31,0
2,1,22,1,4,31,0
2,1,23,1,4,31,0
2,1,23,1,4,31,0
2,1,23,1,4,31,0
2,1,23,1,4,31,0
2,2,0,0,4,32,0
2,2,0,0,4,32,0
2,2,0,0,4,32,0
2,2,0,0,4,32,0
2,2,1,0,4,32,0
2,2,1,0,4,32,0
2,2,1,0,4,32,0
2,2,1,0,4,32,0
2,2,2,0,4,32,0
2,2,2,0,4,32,0
2,2,2,0,4,32,0
2,2,2,0,4,32,0
2,2,3,0,4,32,0
2,2,3,0,4,32,0
2,2,3,0,4,32,0
2,2,3,0,4,32,0
2,2,4,0,4,32,0
2,2,4,0,4,32,0
2,2,4,0,4,32,0
2,2,4,0,4,32,0
2,2,5,0,4,32,0
2,2,5,0,4,32,0
2,2,5,0,4,32,0
2,2,5,0,4,32,0
2,2,6,0,4,32,0
2,2,6,0,4,32,0
2,2,6,0,4,32,0
2,2,6,0,4,32,0
2,2,7,0,4,32,0
2,2,7,0,4,32,0
2,2,7,0,4,32,0
2,2,7,0,4,32,0
2,2,8,0,5,32,0
2,2,8,0,5,32,0
2,2,8,0,5,32,0
2,2,8,0,5,32,0
2,2,9,0,5,32,0
2,2,9,0,5,32,0
2,2,9,0,6,32,0
2,2,9,0,6,32,0
2,2,10,0,6,32,0
2,2,10,0,6,32,0
2,2,10,0,6,32,0
2,2,10,0,6,32,0
2,2,11,0,6,32,0
2,2,11,0,6,32,0
2,2,11,0,7,32,0
2,2,11,0,7,32,0
2,2,12,0,6,32,0
2,2,12,0,6,32,0
2,2,12,0,6,32,0
2,2,12,0,6,32,0
2,2,13,0,6,32,0
2,2,13,0,6,32,0
2,2,13,0,6,32,0
2,2,13,0,6,32,0
2,2,14,0,7,32,0
2,2,14,0,7,32,0
2,2,14,0,7,32,0
2,2,14,0,7,32,0
2,2,15,0,7,32,0
2,2,15,0,7,32,0
2,2,15,0,7,32,0
2,2,15,0,7,32,0
2,2,16,0,7,32,0
2,2,16,0,7,32,0
2,2,16,0,7,32,0
2,2,16,0,7,32,0
2,2,17,0,7,32,0
2,2,17,0,7,32,0
2,2,17,0,7,32,0
2,2,17,0,7,32,0
2,2,18,0,7,32,0
2,2,18,0,7,32,0
2,2,18,0,7,32,0
2,2,18,0,7,32,0
2,2,19,0,7,32,0
2,2,19,0,7,32,0
2,2,19,0,7,32,0
2,2,19,0,7,32,0
2,2,20,0,7,32,0
2,2,20,0,7,32,0
2,2,20,0,7,32,0
2,2,20,0,7,32,0
2,2,21,0,6,32,0
2,2,21,0,6,32,0
2,2,21,0,6,32,0
2,2,21,0,6,32,0
2,2,22,0,6,32,0
2,2,22,0,6,32,0
2,2,22,0,6,32,0
2,2,22,0,6,32,0
2,2,23,0,6,32,0
2,2,23,0,6,32,0
2,2,23,0,6,32,0
2,2,23,0,6,32,0
2,3,0,0,6,33,0
2,3,0,0,6,33,0
2,3,0,0,6,33,0
2,3,0,0,6,33,0
2,3,1,0,6,33,0
2,3,1,0,6,33,0
2,3,1,0,6,33,0
2,3,1,0,6,33,0
2,3,2,0,6,33,0
2,3,2,0,6,33,0
2,3,2,0,6,33,0
2,3,2,0,6,33,0
2,3,3,0,6,33,0
2,3,3,0,6,33,0
2,3,3,0,5,33,0
2,3,3,0,5,33,0
2,3,4,0,5,33,0
2,3,4,0,5,33,0
2,3,4,0,5,33,0
2,3,4,0,5,33,0
2,3,5,0,5,33,0
2,3,5,0,5,33,0
2,3,5,0,5,33,0
2,3,5,0,5,33,0
2,3,6,0,5,33,0
2,3,6,0,5,33,0
2,3,6,0,5,33,0
2,3,6,0,5,33,0
2,3,7,0,5,33,0
2,3,7,0,5,33,0
2,3,7,0,5,33,0
2,3,7,0,5,33,0
2,3,8,0,5,33,0
2,3,8,0,5,33,0
2,3,8,0,6,33,0
2,3,8,0,6,33,0
2,3,9,0,6,33,0
2,3,9,0,6,33,0
2,3,9,0,6,33,0
2,3,9,0,6,33,0
2,3,10,0,6,33,0
2,3,10,0,6,33,0
2,3,10,0,7,33,0
2,3,10,0,7,33,0
2,3,11,0,7,33,0
2,3,11,0,7,33,0
2,3,11,0,7,33,0
2,3,11,0,7,33,0
2,3,12,0,7,33,0
2,3,12,0,7,33,0
2,3,12,0,7,33,0
2,3,12,0,7,33,0
2,3,13,0,7,33,0
2,3,13,0,7,33,0
2,3,13,0,7,33,0
2,3,13,0,7,33,0
2,3,14,0,7,33,0
2,3,14,0,7,33,0
2,3,14,0,8,33,0
2,3,14,0,8,33,0
2,3,15,0,7,33,0
2,3,15,0,7,33,0
2,3,15,0,7,33,0
2,3,15,0,7,33,0
2,3,16,0,7,33,0
2,3,16,0,7,33,0
2,3,16,0,7,33,0
2,3,16,0,7,33,0
2,3,17,0,7,33,0
2,3,17,0,7,33,0
2,3,17,0,7,33,0
2,3,17,0,7,33,0
2,3,18,0,6,33,0
2,3,18,0,6,33,0
2,3,18,0,6,33,0
2,3,18,0,6,33,0
2,3,19,0,6,33,0
2,3,19,0,6,33,0
2,3,19,0,6,33,0
2,3,19,0,6,33,0
2,3,20,0,6,33,0
2,3,20,0,6,33,0
2,3,20,0,6,33,0
2,3,20,0,6,33,0
2,3,21,0,6,33,0
2,3,21,0,6,33,0
2,3,21,0,6,33,0
2,3,21,0,6,33,0
2,3,22,0,6,33,0
2,3,22,0,6,33,0
2,3,22,0,5,33,0
2,3,22,0,5,33,0
2,3,23,0,5,33,0
2,3,23,0,5,33,0
2,3,23,0,5,33,0
2,3,23,0,5,33,0
2,4,0,0,5,34,0
2,4,0,0,5,34,0
2,4,0,0,5,34,0
2,4,0,0,5,34,0
2,4,1,0,5,34,0
2,4,1,0,5,34,0
2,4,1,0,5,34,0
2,4,1,0,5,34,0
2,4,2,0,5,34,0
2,4,2,0,5,34,0
2,4,2,0,5,34,0
2,4,2,0,5,34,0
2,4,3,0,5,34,0
2,4,3,0,5,34,0
2,4,3,0,5,34,0
2,4,3,0,5,34,0
2,4,4,0,5,34,0
2,4,4,0,5,34,0
2,4,4,0,5,34,0
2,4,4,0,5,34,0
2,4,5,0,5,34,0
2,4,5,0,5,34,0
2,4,5,0,4,34,0
2,4,5,0,4,34,0
2,4,6,0,4,34,0
2,4,6,0,4,34,0
2,4,6,0,4,34,0
2,4,6,0,4,34,0
2,4,7,0,4,34,0
2,4,7,0,4,34,0
2,4,7,0,4,34,0
2,4,7,0,4,34,0
2,4,8,0,4,34,0
2,4,8,0,4,34,0
2,4,8,0,5,34,0
2,4,8,0,5,34,0
2,4,9,0,5,34,0
2,4,9,0,5,34,0
2,4,9,0,6,34,0
2,4,9,0,6,34,0
2,4,10,0,7,34,0
2,4,10,0,7,34,0
2,4,10,0,7,34,0
2,4,10,0,7,34,0
2,4,11,0,8,34,0
2,4,11,0,8,34,0
2,4,11,0,8,34,0
2,4,11,0,8,34,0
2,4,12,0,9,34,0
2,4,12,0,9,34,0
2,4,12,0,9,34,0
2,4,12,0,9,34,0
2,4,13,0,9,34,0
2,4,13,0,9,34,0
2,4,13,0,9,34,0
2,4,13,0,9,34,0
2,4,14,0,9,34,0
2,4,14,0,9,34,0
2,4,14,0,9,34,0
2,4,14,0,9,34,0
2,4,15,0,9,34,0
2,4,15,0,9,34,0
2,4,15,0,9,34,0
2,4,15,0,9,34,0
2,4,16,0,8,34,0
2,4,16,0,8,34,0
2,4,16,0,8,34,0
2,4,16,0,8,34,0
2,4,17,0,8,34,0
2,4,17,0,8,34,0
2,4,17,0,7,34,0
2,4,17,0,7,34,0
2,4,18,0,7,34,0
2,4,18,0,7,34,0
2,4,18,0,7,34,0
2,4,18,0,7,34,0
2,4,19,0,6,34,0
2,4,19,0,6,34,0
2,4,19,0,7,34,0
2,4,19,0,7,34,0
2,4,20,0,6,34,0
2,4,20,0,6,34,0
2,4,20,0,5,34,0
2,4,20,0,5,34,0
2,4,21,0,5,34,0
2,4,21,0,5,34,0
2,4,21,0,5,34,0
2,4,21,0,5,34,0
2,4,22,0,5,34,0
2,4,22,0,5,34,0
2,4,22,0,4,34,0
2,4,22,0,4,34,0
2,4,23,0,4,34,0
2,4,23,0,4,34,0
2,4,23,0,4,34,0
2,4,23,0,4,34,0
2,5,0,0,4,35,0
2,5,0,0,4,35,0
2,5,0,0,4,35,0
2,5,0,0,4,35,0
2,5,1,0,4,35,0
2,5,1,0,4,35,0
2,5,1,0,5,35,0
2,5,1,0,5,35,0
2,5,2,0,4,35,0
2,5,2,0,4,35,0
2,5,2,0,4,35,0
2,5,2,0,4,35,0
2,5,3,0,3,35,0
2,5,3,0,3,35,0
2,5,3,0,2,35,0
2,5,3,0,2,35,0
2,5,4,0,2,35,0
2,5,4,0,2,35,0
2,5,4,0,2,35,0
2,5,4,0,2,35,0
2,5,5,0,2,35,0
2,5,5,0,2,35,0
2,5,5,0,1,35,0
2,5,5,0,1,35,0
2,5,6,0,2,35,0
2,5,6,0,2,35,0
2,5,6,0,1,35,0
2,5,6,0,1,35,0
2,5,7,0,1,35,0
2,5,7,0,1,35,0
2,5,7,0,1,35,0
2,5,7,0,1,35,0
2,5,8,0,2,35,0
2,5,8,0,2,35,0
2,5,8,0,3,35,0
2,5,8,0,3,35,0
2,5,9,0,3,35,0
2,5,9,0,3,35,0
2,5,9,0,4,35,0
2,5,9,0,4,35,0
2,5,10,0,4,35,0
2,5,10,0,4,35,0
2,5,10,0,5,35,0
2,5,10,0,5,35,0
2,5,11,0,5,35,0
2,5,11,0,5,35,0
2,5,11,0,5,35,0
2,5,11,0,5,35,0
2,5,12,0,5,35,0
2,5,12,0,5,35,0
2,5,12,0,6,35,0
2,5,12,0,6,35,0
2,5,13,0,7,35,0
2,5,13,0,7,35,0
2,5,13,0,7,35,0
2,5,13,0,7,35,0
2,5,14,0,7,35,0
2,5,14,0,7,35,0
2,5,14,0,7,35,0
2,5,14,0,7,35,0
2,5,15,0,6,35,0
2,5,15,0,6,35,0
2,5,15,0,6,35,0
2,5,15,0,6,35,0
2,5,16,0,6,35,0
2,5,16,0,6,35,0
2,5,16,0,6,35,0
2,5,16,0,6,35,0
2,5,17,0,5,35,0
2,5,17,0,5,35,0
2,5,17,0,5,35,0
2,5,17,0,5,35,0
2,5,18,0,5,35,0
2,5,18,0,5,35,0
2,5,18,0,4,35,0
2,5,18,0,4,35,0
2,5,19,0,4,35,0
2,5,19,0,4,35,0
2,5,19,0,4,35,0
2,5,19,0,4,35,0
2,5,20,0,4,35,0
2,5,20,0,4,35,0
2,5,20,0,4,35,0
2,5,20,0,4,35,0
2,5,21,0,3,35,0
2,5,21,0,3,35,0
2,5,21,0,3,35,0
2,5,21,0,3,35,0
2,5,22,0,3,35,0
2,5,22,0,3,35,0
2,5,22,0,3,35,0
2,5,22,0,3,35,0
2,5,23,0,3,35,0
2,5,23,0,3,35,0
2,5,23,0,2,35,0
2,5,23,0,2,35,0
2,6,0,0,2,36,0
2,6,0,0,2,36,0
2,6,0,0,1,36,0
2,6,0,0,1,36,0
2,6,1,0,1,36,0
2,6,1,0,1,36,0
2,6,1,0,1,36,0
2,6,1,0,1,36,0
2,6,2,0,1,36,0
2,6,2,0,1,36,0
2,6,2,0,1,36,0
2,6,2,0,1,36,0
2,6,3,0,0,36,0
2,6,3,0,0,36,0
2,6,3,0,0,36,0
2,6,3,0,0,36,0
2,6,4,0,0,36,0
2,6,4,0,0,36,0
2,6,4,0,0,36,0
2,6,4,0,0,36,0
2,6,5,0,-1,36,0
2,6,5,0,-1,36,0
2,6,5,0,1,36,0
2,6,5,0,1,36,0
2,6,6,0,0,36,0
2,6,6,0,0,36,0
2,6,6,0,0,36,0
2,6,6,0,0,36,0
2,6,7,0,0,36,0
2,6,7,0,0,36,0
2,6,7,0,1,36,0
2,6,7,0,1,36,0
2,6,8,0,2,36,0
2,6,8,0,2,36,0
2,6,8,0,3,36,0
2,6,8,0,3,36,0
2,6,9,0,4,36,0
2,6,9,0,4,36,0
2,6,9,0,6,36,0
2,6,9,0,6,36,0
2,6,10,0,8,36,0
2,6,10,0,8,36,0
2,6,10,0,7,36,0
2,6,10,0,7,36,0
2,6,11,0,7,36,0
2,6,11,0,7,36,0
2,6,11,0,8,36,0
2,6,11,0,8,36,0
2,6,12,0,9,36,0
2,6,12,0,9,36,0
2,6,12,0,9,36,0
2,6,12,0,9,36,0
2,6,13,0,9,36,0
2,6,13,0,9,36,0
2,6,13,0,9,36,0
2,6,13,0,9,36,0
2,6,14,0,9,36,0
2,6,14,0,9,36,0
2,6,14,0,9,36,0
2,6,14,0,9,36,0
2,6,15,0,9,36,0
2,6,15,0,9,36,0
2,6,15,0,9,36,0
2,6,15,0,9,36,0
2,6,16,0,9,36,0
2,6,16,0,9,36,0
2,6,16,0,8,36,0
2,6,16,0,8,36,0
2,6,17,0,8,36,0
2,6,17,0,8,36,0
2,6,17,0,7,36,0
2,6,17,0,7,36,0
2,6,18,0,6,36,0
2,6,18,0,6,36,0
2,6,18,0,6,36,0
2,6,18,0,6,36,0
2,6,19,0,5,36,0
2,6,19,0,5,36,0
2,6,19,0,4,36,0
2,6,19,0,4,36,0
2,6,20,0,4,36,0
2,6,20,0,4,36,0
2,6,20,0,4,36,0
2,6,20,0,4,36,0
2,6,21,0,3,36,0
2,6,21,0,3,36,0
2,6,21,0,3,36,0
2,6,21,0,3,36,0
2,6,22,0,3,36,0
2,6,22,0,3,36,0
2,6,22,0,4,36,0
2,6,22,0,4,36,0
2,6,23,0,3,36,0
2,6,23,0,3,36,0
2,6,23,0,3,36,0
2,6,23,0,3,36,0
2,7,0,1,3,37,0
2,7,0,1,3,37,0
2,7,0,1,2,37,0
2,7,0,1,2,37,0
2,7,1,1,1,37,0
2,7,1,1,1,37,0
2,7,1,1,1,37,0
2,7,1,1,1,37,0
2,7,2,1,2,37,0
2,7,2,1,2,37,0
2,7,2,1,1,37,0
2,7,2,1,1,37,0
2,7,3,1,1,37,0
2,7,3,1,1,37,0
2,7,3,1,1,37,0
2,7,3,1,1,37,0
2,7,4,1,3,37,0
2,7,4,1,3,37,0
2,7,4,1,3,37,0
2,7,4,1,3,37,0
2,7,5,1,1,37,0
2,7,5,1,1,37,0
2,7,5,1,1,37,0
2,7,5,1,1,37,0
2,7,6,1,1,37,0
2,7,6,1,1,37,0
2,7,6,1,1,37,0
2,7,6,1,1,37,0
2,7,7,1,1,37,0
2,7,7,1,1,37,0
2,7,7,1,2,37,0
2,7,7,1,2,37,0
2,7,8,1,3,37,0
2,7,8,1,3,37,0
2,7,8,1,5,37,0
2,7,8,1,5,37,0
2,7,9,1,7,37,0
2,7,9,1,7,37,0
2,7,9,1,8,37,0
2,7,9,1,8,37,0
2,7,10,1,9,37,0
2,7,10,1,9,37,0
2,7,10,1,10,37,0
2,7,10,1,10,37,0
2,7,11,1,10,37,0
2,7,11,1,10,37,0
2,7,11,1,11,37,0
2,7,11,1,11,37,0
2,7,12,1,11,37,0
2,7,12,1,11,37,0
2,7,12,1,11,37,0
2,7,12,1,11,37,0
2,7,13,1,11,37,0
2,7,13,1,11,37,0
2,7,13,1,12,37,0
2,7,13,1,12,37,0
2,7,14,1,12,37,0
2,7,14,1,12,37,0
2,7,14,1,12,37,0
2,7,14,1,12,37,0
2,7,15,1,12,37,0
2,7,15,1,12,37,0
2,7,15,1,12,37,0
2,7,15,1,12,37,0
2,7,16,1,12,37,0
2,7,16,1,12,37,0
2,7,16,1,11,37,0
2,7,16,1,11,37,0
2,7,17,1,11,37,0
2,7,17,1,11,37,0
2,7,17,1,11,37,0
2,7,17,1,11,37,0
2,7,18,1,9,37,0
2,7,18,1,9,37,0
2,7,18,1,9,37,0
2,7,18,1,9,37,0
2,7,19,1,9,37,0
2,7,19,1,9,37,0
2,7,19,1,8,37,0
2,7,19,1,8,37,0
2,7,20,1,9,37,0
2,7,20,1,9,37,0
2,7,20,1,8,37,0
2,7,20,1,8,37,0
2,7,21,1,8,37,0
2,7,21,1,8,37,0
2,7,21,1,7,37,0
2,7,21,1,7,37,0
2,7,22,1,8,37,0
2,7,22,1,8,37,0
2,7,22,1,7,37,0
2,7,22,1,7,37,0
2,7,23,1,7,37,0
2,7,23,1,7,37,0
2,7,23,1,8,37,0
2,7,23,1,8,37,0
2,8,0,1,7,38,0
2,8,0,1,7,38,0
2,8,0,1,7,38,0
2,8,0,1,7,38,0
2,8,1,1,6,38,0
2,8,1,1,6,38,0
2,8,1,1,5,38,0
2,8,1,1,5,38,0
2,8,2,1,6,38,0
2,8,2,1,6,38,0
2,8,2,1,6,38,0
2,8,2,1,6,38,0
2,8,3,1,5,38,0
2,8,3,1,5,38,0
2,8,3,1,5,38,0
2,8,3,1,5,38,0
2,8,4,1,5,38,0
2,8,4,1,5,38,0
2,8,4,1,4,38,0
2,8,4,1,4,38,0
2,8,5,1,4,38,0
2,8,5,1,4,38,0
2,8,5,1,3,38,0
2,8,5,1,3,38,0
2,8,6,1,3,38,0
2,8,6,1,3,38,0
2,8,6,1,3,38,0
2,8,6,1,3,38,0
2,8,7,1,2,38,0
2,8,7,1,2,38,0
2,8,7,1,2,38,0
2,8,7,1,2,38,0
2,8,8,1,3,38,0
2,8,8,1,3,38,0
2,8,8,1,3,38,0
2,8,8,1,3,38,0
2,8,9,1,4,38,0
2,8,9,1,4,38,0
2,8,9,1,5,38,0
2,8,9,1,5,38,0
2,8,10,1,5,38,0
2,8,10,1,5,38,0
2,8,10,1,5,38,0
2,8,10,1,5,38,0
2,8,11,1,5,38,0
2,8,11,1,5,38,0
2,8,11,1,5,38,0
2,8,11,1,5,38,0
2,8,12,1,5,38,0
2,8,12,1,5,38,0
2,8,12,1,6,38,0
2,8,12,1,6,38,0
2,8,13,1,6,38,0
2,8,13,1,6,38,0
2,8,13,1,6,38,0
2,8,13,1,6,38,0
2,8,14,1,6,38,0
2,8,14,1,6,38,0
2,8,14,1,6,38,0
2,8,14,1,6,38,0
2,8,15,1,6,38,0
2,8,15,1,6,38,0
2,8,15,1,6,38,0
2,8,15,1,6,38,0
2,8,16,1,5,38,0
2,8,16,1,5,38,0
2,8,16,1,5,38,0
2,8,16,1,5,38,0
2,8,17,1,4,38,0
2,8,17,1,4,38,0
2,8,17,1,3,38,0
2,8,17,1,3,38,0
2,8,18,1,3,38,0
2,8,18,1,3,38,0
2,8,18,1,2,38,0
2,8,18,1,2,38,0
2,8,19,1,2,38,0
2,8,19,1,2,38,0
2,8,19,1,2,38,0
2,8,19,1,2,38,0
2,8,20,1,1,38,0
2,8,20,1,1,38,0
2,8,20,1,1,38,0
2,8,20,1,1,38,0
2,8,21,1,1,38,0
2,8,21,1,1,38,0
2,8,21,1,0,38,0
2,8,21,1,0,38,0
2,8,22,1,0,38,0
2,8,22,1,0,38,0
2,8,22,1,0,38,0
2,8,22,1,0,38,0
2,8,23,1,0,38,0
2,8,23,1,0,38,0
2,8,23,1,0,38,0
2,8,23,1,0,38,0
2,9,0,0,0,39,0
2,9,0,0,0,39,0
2,9,0,0,-1,39,0
2,9,0,0,-1,39,0
2,9,1,0,-1,39,0
2,9,1,0,-1,39,0
2,9,1,0,-1,39,0
2,9,1,0,-1,39,0
2,9,2,0,-2,39,0
2,9,2,0,-2,39,0
2,9,2,0,-2,39,0
2,9,2,0,-2,39,0
2,9,3,0,-2,39,0
2,9,3,0,-2,39,0
2,9,3,0,-2,39,0
2,9,3,0,-2,39,0
2,9,4,0,-2,39,0
2,9,4,0,-2,39,0
2,9,4,0,-2,39,0
2,9,4,0,-2,39,0
2,9,5,0,-2,39,0
2,9,5,0,-2,39,0
2,9,5,0,-2,39,0
2,9,5,0,-2,39,0
2,9,6,0,-2,39,0
2,9,6,0,-2,39,0
2,9,6,0,-2,39,0
2,9,6,0,-2,39,0
2,9,7,0,-1,39,0
2,9,7,0,-1,39,0
2,9,7,0,-1,39,0
2,9,7,0,-1,39,0
2,9,8,0,0,39,0
2,9,8,0,0,39,0
2,9,8,0,0,39,0
2,9,8,0,0,39,0
2,9,9,0,0,39,0
2,9,9,0,0,39,0
2,9,9,0,1,39,0
2,9,9,0,1,39,0
2,9,10,0,2,39,0
2,9,10,0,2,39,0
2,9,10,0,3,39,0
2,9,10,0,3,39,0
2,9,11,0,4,39,0
2,9,11,0,4,39,0
2,9,11,0,3,39,0
2,9,11,0,3,39,0
2,9,12,0,5,39,0
2,9,12,0,5,39,0
2,9,12,0,4,39,0
2,9,12,0,4,39,0
2,9,13,0,6,39,0
2,9,13,0,6,39,0
2,9,13,0,5,39,0
2,9,13,0,5,39,0
2,9,14,0,5,39,0
2,9,14,0,5,39,0
2,9,14,0,6,39,0
2,9,14,0,6,39,0
2,9,15,0,6,39,0
2,9,15,0,6,39,0
2,9,15,0,6,39,0
2,9,15,0,6,39,0
2,9,16,0,6,39,0
2,9,16,0,6,39,0
2,9,16,0,5,39,0
2,9,16,0,5,39,0
2,9,17,0,5,39,0
2,9,17,0,5,39,0
2,9,17,0,4,39,0
2,9,17,0,4,39,0
2,9,18,0,3,39,0
2,9,18,0,3,39,0
2,9,18,0,3,39,0
2,9,18,0,3,39,0
2,9,19,0,3,39,0
2,9,19,0,3,39,0
2,9,19,0,4,39,0
2,9,19,0,4,39,0
2,9,20,0,2,39,0
2,9,20,0,2,39,0
2,9,20,0,3,39,0
2,9,20,0,3,39,0
2,9,21,0,2,39,0
2,9,21,0,2,39,0
2,9,21,0,2,39,0
2,9,21,0,2,39,0
2,9,22,0,2,39,0
2,9,22,0,2,39,0
2,9,22,0,2,39,0
2,9,22,0,2,39,0
2,9,23,0,2,39,0
2,9,23,0,2,39,0
2,9,23,0,2,39,0
2,9,23,0,2,39,0
2,10,0,0,0,40,0
2,10,0,0,0,40,0
2,10,0,0,0,40,0
2,10,0,0,0,40,0
2,10,1,0,0,40,0
2,10,1,0,0,40,0
2,10,1,0,0,40,0
2,10,1,0,0,40,0
2,10,2,0,-1,40,0
2,10,2,0,-1,40,0
2,10,2,0,-1,40,0
2,10,2,0,-1,40,0
2,10,3,0,-1,40,0
2,10,3,0,-1,40,0
2,10,3,0,-1,40,0
2,10,3,0,-1,40,0
2,10,4,0,-2,40,0
2,10,4,0,-2,40,0
2,10,4,0,-1,40,0
2,10,4,0,-1,40,0
2,10,5,0,-1,40,0
2,10,5,0,-1,40,0
2,10,5,0,-1,40,0
2,10,5,0,-1,40,0
2,10,6,0,-1,40,0
2,10,6,0,-1,40,0
2,10,6,0,-1,40,0
2,10,6,0,-1,40,0
2,10,7,0,-2,40,0
2,10,7,0,-2,40,0
2,10,7,0,0,40,0
2,10,7,0,0,40,0
2,10,8,0,2,40,0
2,10,8,0,2,40,0
2,10,8,0,4,40,0
2,10,8,0,4,40,0
2,10,9,0,4,40,0
2,10,9,0,4,40,0
2,10,9,0,4,40,0
2,10,9,0,4,40,0
2,10,10,0,6,40,0
2,10,10,0,6,40,0
2,10,10,0,7,40,0
2,10,10,0,7,40,0
2,10,11,0,8,40,0
2,10,11,0,8,40,0
2,10,11,0,8,40,0
2,10,11,0,8,40,0
2,10,12,0,9,40,0
2,10,12,0,9,40,0
2,10,12,0,10,40,0
2,10,12,0,10,40,0
2,10,13,0,10,40,0
2,10,13,0,10,40,0
2,10,13,0,10,40,0
2,10,13,0,10,40,0
2,10,14,0,10,40,0
2,10,14,0,10,40,0
2,10,14,0,10,40,0
2,10,14,0,10,40,0
2,10,15,0,10,40,0
2,10,15,0,10,40,0
2,10,15,0,11,40,0
2,10,15,0,11,40,0
2,10,16,0,11,40,0
2,10,16,0,11,40,0
2,10,16,0,10,40,0
2,10,16,0,10,40,0
2,10,17,0,10,40,0
2,10,17,0,10,40,0
2,10,17,0,8,40,0
2,10,17,0,8,40,0
2,10,18,0,7,40,0
2,10,18,0,7,40,0
2,10,18,0,6,40,0
2,10,18,0,6,40,0
2,10,19,0,6,40,0
2,10,19,0,6,40,0
2,10,19,0,5,40,0
2,10,19,0,5,40,0
2,10,20,0,5,40,0
2,10,20,0,5,40,0
2,10,20,0,4,40,0
2,10,20,0,4,40,0
2,10,21,0,4,40,0
2,10,21,0,4,40,0
2,10,21,0,4,40,0
2,10,21,0,4,40,0
2,10,22,0,4,40,0
2,10,22,0,4,40,0
2,10,22,0,5,40,0
2,10,22,0,5,40,0
2,10,23,0,4,40,0
2,10,23,0,4,40,0
2,10,23,0,4,40,0
2,10,23,0,4,40,0
2,11,0,0,4,41,0
2,11,0,0,4,41,0
2,11,0,0,4,41,0
2,11,0,0,4,41,0
2,11,1,0,4,41,0
2,11,1,0,4,41,0
2,11,1,0,3,41,0
2,11,1,0,3,41,0
2,11,2,0,4,41,0
2,11,2,0,4,41,0
2,11,2,0,4,41,0
2,11,2,0,4,41,0
2,11,3,0,4,41,0
2,11,3,0,4,41,0
2,11,3,0,4,41,0
2,11,3,0,4,41,0
2,11,4,0,4,41,0
2,11,4,0,4,41,0
2,11,4,0,3,41,0
2,11,4,0,3,41,0
2,11,5,0,3,41,0
2,11,5,0,3,41,0
2,11,5,0,2,41,0
2,11,5,0,2,41,0
2,11,6,0,2,41,0
2,11,6,0,2,41,0
2,11,6,0,3,41,0
2,11,6,0,3,41,0
2,11,7,0,3,41,0
2,11,7,0,3,41,0
2,11,7,0,3,41,0
2,11,7,0,3,41,0
2,11,8,0,6,41,0
2,11,8,0,6,41,0
2,11,8,0,6,41,0
2,11,8,0,6,41,0
2,11,9,0,7,41,0
2,11,9,0,7,41,0
2,11,9,0,9,41,0
2,11,9,0,9,41,0
2,11,10,0,11,41,0
2,11,10,0,11,41,0
2,11,10,0,11,41,0
2,11,10,0,11,41,0
2,11,11,0,13,41,0
2,11,11,0,13,41,0
2,11,11,0,13,41,0
2,11,11,0,13,41,0
2,11,12,0,13,41,0
2,11,12,0,13,41,0
2,11,12,0,14,41,0
2,11,12,0,14,41,0
2,11,13,0,14,41,0
2,11,13,0,14,41,0
2,11,13,0,14,41,0
2,11,13,0,14,41,0
2,11,14,0,15,41,0
2,11,14,0,15,41,0
2,11,14,0,15,41,0
2,11,14,0,15,41,0
2,11,15,0,15,41,0
2,11,15,0,15,41,0
2,11,15,0,15,41,0
2,11,15,0,15,41,0
2,11,16,0,14,41,0
2,11,16,0,14,41,0
2,11,16,0,14,41,0
2,11,16,0,14,41,0
2,11,17,0,13,41,0
2,11,17,0,13,41,0
2,11,17,0,13,41,0
2,11,17,0,13,41,0
2,11,18,0,12,41,0
2,11,18,0,12,41,0
2,11,18,0,10,41,0
2,11,18,0,10,41,0
2,11,19,0,11,41,0
2,11,19,0,11,41,0
2,11,19,0,11,41,0
2,11,19,0,11,41,0
2,11,20,0,10,41,0
2,11,20,0,10,41,0
2,11,20,0,10,41,0
2,11,20,0,10,41,0
2,11,21,0,10,41,0
2,11,21,0,10,41,0
2,11,21,0,10,41,0
2,11,21,0,10,41,0
2,11,22,0,9,41,0
2,11,22,0,9,41,0
2,11,22,0,9,41,0
2,11,22,0,9,41,0
2,11,23,0,9,41,0
2,11,23,0,9,41,0
2,11,23,0,9,41,0
2,11,23,0,9,41,0
2,12,0,0,9,42,0
2,12,0,0,9,42,0
2,12,0,0,8,42,0
2,12,0,0,8,42,0
2,12,1,0,8,42,0
2,12,1,0,8,42,0
2,12,1,0,7,42,0
2,12,1,0,7,42,0
2,12,2,0,8,42,0
2,12,2,0,8,42,0
2,12,2,0,9,42,0
2,12,2,0,9,42,0
2,12,3,0,8,42,0
2,12,3,0,8,42,0
2,12,3,0,8,42,0
2,12,3,0,8,42,0
2,12,4,0,7,42,0
2,12,4,0,7,42,0
2,12,4,0,7,42,0
2,12,4,0,7,42,0
2,12,5,0,7,42,0
2,12,5,0,7,42,0
2,12,5,0,7,42,0
2,12,5,0,7,42,0
2,12,6,0,6,42,0
2,12,6,0,6,42,0
2,12,6,0,6,42,0
2,12,6,0,6,42,0
2,12,7,0,6,42,0
2,12,7,0,6,42,0
2,12,7,0,6,42,0
2,12,7,0,6,42,0
2,12,8,0,7,42,0
2,12,8,0,7,42,0
2,12,8,0,8,42,0
2,12,8,0,8,42,0
2,12,9,0,8,42,0
2,12,9,0,8,42,0
2,12,9,0,9,42,0
2,12,9,0,9,42,0
2,12,10,0,9,42,0
2,12,10,0,9,42,0
2,12,10,0,10,42,0
2,12,10,0,10,42,0
2,12,11,0,11,42,0
2,12,11,0,11,42,0
2,12,11,0,11,42,0
2,12,11,0,11,42,0
2,12,12,0,12,42,0
2,12,12,0,12,42,0
2,12,12,0,12,42,0
2,12,12,0,12,42,0
2,12,13,0,12,42,0
2,12,13,0,12,42,0
2,12,13,0,13,42,0
2,12,13,0,13,42,0
2,12,14,0,13,42,0
2,12,14,0,13,42,0
2,12,14,0,13,42,0
2,12,14,0,13,42,0
2,12,15,0,13,42,0
2,12,15,0,13,42,0
2,12,15,0,13,42,0
2,12,15,0,13,42,0
2,12,16,0,12,42,0
2,12,16,0,12,42,0
2,12,16,0,12,42,0
2,12,16,0,12,42,0
2,12,17,0,11,42,0
2,12,17,0,11,42,0
2,12,17,0,11,42,0
2,12,17,0,11,42,0
2,12,18,0,10,42,0
2,12,18,0,10,42,0
2,12,18,0,10,42,0
2,12,18,0,10,42,0
2,12,19,0,9,42,0
2,12,19,0,9,42,0
2,12,19,0,8,42,0
2,12,19,0,8,42,0
2,12,20,0,8,42,0
2,12,20,0,8,42,0
2,12,20,0,7,42,0
2,12,20,0,7,42,0
2,12,21,0,7,42,0
2,12,21,0,7,42,0
2,12,21,0,7,42,0
2,12,21,0,7,42,0
2,12,22,0,7,42,0
2,12,22,0,7,42,0
2,12,22,0,6,42,0
2,12,22,0,6,42,0
2,12,23,0,6,42,0
2,12,23,0,6,42,0
2,12,23,0,6,42,0
2,12,23,0,6,42,0
2,13,0,0,6,43,0
2,13,0,0,6,43,0
2,13,0,0,6,43,0
2,13,0,0,6,43,0
2,13,1,0,6,43,0
2,13,1,0,6,43,0
2,13,1,0,6,43,0
2,13,1,0,6,43,0
2,13,2,0,6,43,0
2,13,2,0,6,43,0
2,13,2,0,6,43,0
2,13,2,0,6,43,0
2,13,3,0,6,43,0
2,13,3,0,6,43,0
2,13,3,0,6,43,0
2,13,3,0,6,43,0
2,13,4,0,6,43,0
2,13,4,0,6,43,0
2,13,4,0,6,43,0
2,13,4,0,6,43,0
2,13,5,0,6,43,0
2,13,5,0,6,43,0
2,13,5,0,6,43,0
2,13,5,0,6,43,0
2,13,6,0,6,43,0
2,13,6,0,6,43,0
2,13,6,0,6,43,0
2,13,6,0,6,43,0
2,13,7,0,6,43,0
2,13,7,0,6,43,0
2,13,7,0,7,43,0
2,13,7,0,7,43,0
2,13,8,0,7,43,0
2,13,8,0,7,43,0
2,13,8,0,8,43,0
2,13,8,0,8,43,0
2,13,9,0,8,43,0
2,13,9,0,8,43,0
2,13,9,0,9,43,0
2,13,9,0,9,43,0
2,13,10,0,10,43,0
2,13,10,0,10,43,0
2,13,10,0,11,43,0
2,13,10,0,11,43,0
2,13,11,0,12,43,0
2,13,11,0,12,43,0
2,13,11,0,12,43,0
2,13,11,0,12,43,0
2,13,12,0,12,43,0
2,13,12,0,12,43,0
2,13,12,0,13,43,0
2,13,12,0,13,43,0
2,13,13,0,13,43,0
2,13,13,0,13,43,0
2,13,13,0,13,43,0
2,13,13,0,13,43,0
2,13,14,0,13,43,0
2,13,14,0,13,43,0
2,13,14,0,13,43,0
2,13,14,0,13,43,0
2,13,15,0,13,43,0
2,13,15,0,13,43,0
2,13,15,0,13,43,0
2,13,15,0,13,43,0
2,13,16,0,13,43,0
2,13,16,0,13,43,0
2,13,16,0,12,43,0
2,13,16,0,12,43,0
2,13,17,0,12,43,0
2,13,17,0,12,43,0
2,13,17,0,11,43,0
2,13,17,0,11,43,0
2,13,18,0,10,43,0
2,13,18,0,10,43,0
2,13,18,0,10,43,0
2,13,18,0,10,43,0
2,13,19,0,10,43,0
2,13,19,0,10,43,0
2,13,19,0,9,43,0
2,13,19,0,9,43,0
2,13,20,0,9,43,0
2,13,20,0,9,43,0
2,13,20,0,9,43,0
2,13,20,0,9,43,0
2,13,21,0,8,43,0
2,13,21,0,8,43,0
2,13,21,0,8,43,0
2,13,21,0,8,43,0
2,13,22,0,8,43,0
2,13,22,0,8,43,0
2,13,22,0,8,43,0
2,13,22,0,8,43,0
2,13,23,0,8,43,0
2,13,23,0,8,43,0
2,13,23,0,8,43,0
2,13,23,0,8,43,0
2,14,0,1,8,44,0
2,14,0,1,8,44,0
2,14,0,1,8,44,0
2,14,0,1,8,44,0
2,14,1,1,8,44,0
2,14,1,1,8,44,0
2,14,1,1,8,44,0
2,14,1,1,8,44,0
2,14,2,1,8,44,0
2,14,2,1,8,44,0
2,14,2,1,8,44,0
2,14,2,1,8,44,0
2,14,3,1,7,44,0
2,14,3,1,7,44,0
2,14,3,1,7,44,0
2,14,3,1,7,44,0
2,14,4,1,7,44,0
2,14,4,1,7,44,0
2,14,4,1,7,44,0
2,14,4,1,7,44,0
2,14,5,1,8,44,0
2,14,5,1,8,44,0
2,14,5,1,7,44,0
2,14,5,1,7,44,0
2,14,6,1,7,44,0
2,14,6,1,7,44,0
2,14,6,1,7,44,0
2,14,6,1,7,44,0
2,14,7,1,8,44,0
2,14,7,1,8,44,0
2,14,7,1,8,44,0
2,14,7,1,8,44,0
2,14,8,1,9,44,0
2,14,8,1,9,44,0
2,14,8,1,9,44,0
2,14,8,1,9,44,0
2,14,9,1,10,44,0
2,14,9,1,10,44,0
2,14,9,1,12,44,0
2,14,9,1,12,44,0
2,14,10,1,13,44,0
2,14,10,1,13,44,0
2,14,10,1,14,44,0
2,14,10,1,14,44,0
2,14,11,1,15,44,0
2,14,11,1,15,44,0
2,14,11,1,16,44,0
2,14,11,1,16,44,0
2,14,12,1,16,44,0
2,14,12,1,16,44,0
2,14,12,1,17,44,0
2,14,12,1,17,44,0
2,14,13,1,17,44,0
2,14,13,1,17,44,0
2,14,13,1,17,44,0
2,14,13,1,17,44,0
2,14,14,1,18,44,0
2,14,14,1,18,44,0
2,14,14,1,18,44,0
2,14,14,1,18,44,0
2,14,15,1,18,44,0
2,14,15,1,18,44,0
2,14,15,1,18,44,0
2,14,15,1,18,44,0
2,14,16,1,18,44,0
2,14,16,1,18,44,0
2,14,16,1,18,44,0
2,14,16,1,18,44,0
2,14,17,1,17,44,0
2,14,17,1,17,44,0
2,14,17,1,16,44,0
2,14,17,1,16,44,0
2,14,18,1,16,44,0
2,14,18,1,16,44,0
2,14,18,1,16,44,0
2,14,18,1,16,44,0
2,14,19,1,15,44,0
2,14,19,1,15,44,0
2,14,19,1,15,44,0
2,14,19,1,15,44,0
2,14,20,1,15,44,0
2,14,20,1,15,44,0
2,14,20,1,16,44,0
2,14,20,1,16,44,0
2,14,21,1,16,44,0
2,14,21,1,16,44,0
2,14,21,1,16,44,0
2,14,21,1,16,44,0
2,14,22,1,16,44,0
2,14,22,1,16,44,0
2,14,22,1,16,44,0
2,14,22,1,16,44,0
2,14,23,1,16,44,0
2,14,23,1,16,44,0
2,14,23,1,16,44,0
2,14,23,1,16,44,0
2,15,0,0,16,45,0
2,15,0,0,16,45,0
2,15,0,0,16,45,0
2,15,0,0,16,45,0
2,15,1,0,16,45,0
2,15,1,0,16,45,0
2,15,1,0,14,45,0
2,15,1,0,14,45,0
2,15,2,0,15,45,0
2,15,2,0,15,45,0
2,15,2,0,14,45,0
2,15,2,0,14,45,0
2,15,3,0,13,45,0
2,15,3,0,13,45,0
2,15,3,0,14,45,0
2,15,3,0,14,45,0
2,15,4,0,14,45,0
2,15,4,0,14,45,0
2,15,4,0,14,45,0
2,15,4,0,14,45,0
2,15,5,0,14,45,0
2,15,5,0,14,45,0
2,15,5,0,14,45,0
2,15,5,0,14,45,0
2,15,6,0,14,45,0
2,15,6,0,14,45,0
2,15,6,0,13,45,0
2,15,6,0,13,45,0
2,15,7,0,13,45,0
2,15,7,0,13,45,0
2,15,7,0,13,45,0
2,15,7,0,13,45,0
2,15,8,0,13,45,0
2,15,8,0,13,45,0
2,15,8,0,13,45,0
2,15,8,0,13,45,0
2,15,9,0,14,45,0
2,15,9,0,14,45,0
2,15,9,0,14,45,0
2,15,9,0,14,45,0
2,15,10,0,14,45,0
2,15,10,0,14,45,0
2,15,10,0,15,45,0
2,15,10,0,15,45,0
2,15,11,0,15,45,0
2,15,11,0,15,45,0
2,15,11,0,16,45,0
2,15,11,0,16,45,0
2,15,12,0,16,45,0
2,15,12,0,16,45,0
2,15,12,0,17,45,0
2,15,12,0,17,45,0
2,15,13,0,18,45,0
2,15,13,0,18,45,0
2,15,13,0,18,45,0
2,15,13,0,18,45,0
2,15,14,0,18,45,0
2,15,14,0,18,45,0
2,15,14,0,18,45,0
2,15,14,0,18,45,0
2,15,15,0,18,45,0
2,15,15,0,18,45,0
2,15,15,0,18,45,0
2,15,15,0,18,45,0
2,15,16,0,19,45,0
2,15,16,0,19,45,0
2,15,16,0,18,45,0
2,15,16,0,18,45,0
2,15,17,0,18,45,0
2,15,17,0,18,45,0
2,15,17,0,17,45,0
2,15,17,0,17,45,0
2,15,18,0,17,45,0
2,15,18,0,17,45,0
2,15,18,0,17,45,0
2,15,18,0,17,45,0
2,15,19,0,16,45,0
2,15,19,0,16,45,0
2,15,19,0,16,45,0
2,15,19,0,16,45,0
2,15,20,0,16,45,0
2,15,20,0,16,45,0
2,15,20,0,16,45,0
2,15,20,0,16,45,0
2,15,21,0,16,45,0
2,15,21,0,16,45,0
2,15,21,0,16,45,0
2,15,21,0,16,45,0
2,15,22,0,15,45,0
2,15,22,0,15,45,0
2,15,22,0,15,45,0
2,15,22,0,15,45,0
2,15,23,0,15,45,0
2,15,23,0,15,45,0
2,15,23,0,15,45,0
2,15,23,0,15,45,0
2,16,0,0,15,46,0
2,16,0,0,15,46,0
2,16,0,0,14,46,0
2,16,0,0,14,46,0
2,16,1,0,14,46,0
2,16,1,0,14,46,0
2,16,1,0,14,46,0
2,16,1,0,14,46,0
2,16,2,0,14,46,0
2,16,2,0,14,46,0
2,16,2,0,14,46,0
2,16,2,0,14,46,0
2,16,3,0,14,46,0
2,16,3,0,14,46,0
2,16,3,0,14,46,0
2,16,3,0,14,46,0
2,16,4,0,13,46,0
2,16,4,0,13,46,0
2,16,4,0,13,46,0
2,16,4,0,13,46,0
2,16,5,0,13,46,0
2,16,5,0,13,46,0
2,16,5,0,13,46,0
2,16,5,0,13,46,0
2,16,6,0,13,46,0
2,16,6,0,13,46,0
2,16,6,0,13,46,0
2,16,6,0,13,46,0
2,16,7,0,13,46,0
2,16,7,0,13,46,0
2,16,7,0,13,46,0
2,16,7,0,13,46,0
2,16,8,0,12,46,0
2,16,8,0,12,46,0
2,16,8,0,13,46,0
2,16,8,0,13,46,0
2,16,9,0,12,46,0
2,16,9,0,12,46,0
2,16,9,0,12,46,0
2,16,9,0,12,46,0
2,16,10,0,12,46,0
2,16,10,0,12,46,0
2,16,10,0,12,46,0
2,16,10,0,12,46,0
2,16,11,0,12,46,0
2,16,11,0,12,46,0
2,16,11,0,12,46,0
2,16,11,0,12,46,0
2,16,12,0,13,46,0
2,16,12,0,13,46,0
2,16,12,0,13,46,0
2,16,12,0,13,46,0
2,16,13,0,13,46,0
2,16,13,0,13,46,0
2,16,13,0,13,46,0
2,16,13,0,13,46,0
2,16,14,0,14,46,0
2,16,14,0,14,46,0
2,16,14,0,15,46,0
2,16,14,0,15,46,0
2,16,15,0,15,46,0
2,16,15,0,15,46,0
2,16,15,0,14,46,0
2,16,15,0,14,46,0
2,16,16,0,15,46,0
2,16,16,0,15,46,0
2,16,16,0,15,46,0
2,16,16,0,15,46,0
2,16,17,0,14,46,0
2,16,17,0,14,46,0
2,16,17,0,13,46,0
2,16,17,0,13,46,0
2,16,18,0,13,46,0
2,16,18,0,13,46,0
2,16,18,0,13,46,0
2,16,18,0,13,46,0
2,16,19,0,13,46,0
2,16,19,0,13,46,0
2,16,19,0,11,46,0
2,16,19,0,11,46,0
2,16,20,0,10,46,0
2,16,20,0,10,46,0
2,16,20,0,10,46,0
2,16,20,0,10,46,0
2,16,21,0,9,46,0
2,16,21,0,9,46,0
2,16,21,0,9,46,0
2,16,21,0,9,46,0
2,16,22,0,9,46,0
2,16,22,0,9,46,0
2,16,22,0,9,46,0
2,16,22,0,9,46,0
2,16,23,0,9,46,0
2,16,23,0,9,46,0
2,16,23,0,9,46,0
2,16,23,0,9,46,0
2,17,0,0,9,47,0
2,17,0,0,9,47,0
2,17,0,0,7,47,0
2,17,0,0,7,47,0
2,17,1,0,8,47,0
2,17,1,0,8,47,0
2,17,1,0,8,47,0
2,17,1,0,8,47,0
2,17,2,0,7,47,0
2,17,2,0,7,47,0
2,17,2,0,8,47,0
2,17,2,0,8,47,0
2,17,3,0,8,47,0
2,17,3,0,8,47,0
2,17,3,0,8,47,0
2,17,3,0,8,47,0
2,17,4,0,8,47,0
2,17,4,0,8,47,0
2,17,4,0,7,47,0
2,17,4,0,7,47,0
2,17,5,0,7,47,0
2,17,5,0,7,47,0
2,17,5,0,7,47,0
2,17,5,0,7,47,0
2,17,6,0,8,47,0
2,17,6,0,8,47,0
2,17,6,0,7,47,0
2,17,6,0,7,47,0
2,17,7,0,8,47,0
2,17,7,0,8,47,0
2,17,7,0,8,47,0
2,17,7,0,8,47,0
2,17,8,0,8,47,0
2,17,8,0,8,47,0
2,17,8,0,8,47,0
2,17,8,0,8,47,0
2,17,9,0,9,47,0
2,17,9,0,9,47,0
2,17,9,0,9,47,0
2,17,9,0,9,47,0
2,17,10,0,10,47,0
2,17,10,0,10,47,0
2,17,10,0,11,47,0
2,17,10,0,11,47,0
2,17,11,0,11,47,0
2,17,11,0,11,47,0
2,17,11,0,11,47,0
2,17,11,0,11,47,0
2,17,12,0,12,47,0
2,17,12,0,12,47,0
2,17,12,0,12,47,0
2,17,12,0,12,47,0
2,17,13,0,14,47,0
2,17,13,0,14,47,0
2,17,13,0,14,47,0
2,17,13,0,14,47,0
2,17,14,0,14,47,0
2,17,14,0,14,47,0
2,17,14,0,14,47,0
2,17,14,0,14,47,0
2,17,15,0,14,47,0
2,17,15,0,14,47,0
2,17,15,0,14,47,0
2,17,15,0,14,47,0
2,17,16,0,14,47,0
2,17,16,0,14,47,0
2,17,16,0,14,47,0
2,17,16,0,14,47,0
2,17,17,0,12,47,0
2,17,17,0,12,47,0
2,17,17,0,12,47,0
2,17,17,0,12,47,0
2,17,18,0,12,47,0
2,17,18,0,12,47,0
2,17,18,0,11,47,0
2,17,18,0,11,47,0
2,17,19,0,10,47,0
2,17,19,0,10,47,0
2,17,19,0,10,47,0
2,17,19,0,10,47,0
2,17,20,0,9,47,0
2,17,20,0,9,47,0
2,17,20,0,9,47,0
2,17,20,0,9,47,0
2,17,21,0,9,47,0
2,17,21,0,9,47,0
2,17,21,0,9,47,0
2,17,21,0,9,47,0
2,17,22,0,9,47,0
2,17,22,0,9,47,0
2,17,22,0,8,47,0
2,17,22,0,8,47,0
2,17,23,0,8,47,0
2,17,23,0,8,47,0
2,17,23,0,8,47,0
2,17,23,0,8,47,0
2,18,0,1,7,48,0
2,18,0,1,7,48,0
2,18,0,1,7,48,0
2,18,0,1,7,48,0
2,18,1,1,7,48,0
2,18,1,1,7,48,0
2,18,1,1,6,48,0
2,18,1,1,6,48,0
2,18,2,1,5,48,0
2,18,2,1,5,48,0
2,18,2,1,5,48,0
2,18,2,1,5,48,0
2,18,3,1,5,48,0
2,18,3,1,5,48,0
2,18,3,1,5,48,0
2,18,3,1,5,48,0
2,18,4,1,5,48,0
2,18,4,1,5,48,0
2,18,4,1,5,48,0
2,18,4,1,5,48,0
2,18,5,1,4,48,0
2,18,5,1,4,48,0
2,18,5,1,4,48,0
2,18,5,1,4,48,0
2,18,6,1,4,48,0
2,18,6,1,4,48,0
2,18,6,1,3,48,0
2,18,6,1,3,48,0
2,18,7,1,4,48,0
2,18,7,1,4,48,0
2,18,7,1,4,48,0
2,18,7,1,4,48,0
2,18,8,1,7,48,0
2,18,8,1,7,48,0
2,18,8,1,7,48,0
2,18,8,1,7,48,0
2,18,9,1,9,48,0
2,18,9,1,9,48,0
2,18,9,1,10,48,0
2,18,9,1,10,48,0
2,18,10,1,10,48,0
2,18,10,1,10,48,0
2,18,10,1,10,48,0
2,18,10,1,10,48,0
2,18,11,1,11,48,0
2,18,11,1,11,48,0
2,18,11,1,11,48,0
2,18,11,1,11,48,0
2,18,12,1,11,48,0
2,18,12,1,11,48,0
2,18,12,1,12,48,0
2,18,12,1,12,48,0
2,18,13,1,12,48,0
2,18,13,1,12,48,0
2,18,13,1,12,48,0
2,18,13,1,12,48,0
2,18,14,1,12,48,0
2,18,14,1,12,48,0
2,18,14,1,12,48,0
2,18,14,1,12,48,0
2,18,15,1,11,48,0
2,18,15,1,11,48,0
2,18,15,1,11,48,0
2,18,15,1,11,48,0
2,18,16,1,10,48,0
2,18,16,1,10,48,0
2,18,16,1,9,48,0
2,18,16,1,9,48,0
2,18,17,1,9,48,0
2,18,17,1,9,48,0
2,18,17,1,8,48,0
2,18,17,1,8,48,0
2,18,18,1,7,48,0
2,18,18,1,7,48,0
2,18,18,1,7,48,0
2,18,18,1,7,48,0
2,18,19,1,6,48,0
2,18,19,1,6,48,0
2,18,19,1,6,48,0
2,18,19,1,6,48,0
2,18,20,1,6,48,0
2,18,20,1,6,48,0
2,18,20,1,5,48,0
2,18,20,1,5,48,0
2,18,21,1,5,48,0
2,18,21,1,5,48,0
2,18,21,1,5,48,0
2,18,21,1,5,48,0
2,18,22,1,5,48,0
2,18,22,1,5,48,0
2,18,22,1,5,48,0
2,18,22,1,5,48,0
2,18,23,1,5,48,0
2,18,23,1,5,48,0
2,18,23,1,4,48,0
2,18,23,1,4,48,0
2,19,0,1,4,49,0
2,19,0,1,4,49,0
2,19,0,1,4,49,0
2,19,0,1,4,49,0
2,19,1,1,4,49,0
2,19,1,1,4,49,0
2,19,1,1,4,49,0
2,19,1,1,4,49,0
2,19,2,1,4,49,0
2,19,2,1,4,49,0
2,19,2,1,3,49,0
2,19,2,1,3,49,0
2,19,3,1,3,49,0
2,19,3,1,3,49,0
2,19,3,1,3,49,0
2,19,3,1,3,49,0
2,19,4,1,1,49,0
2,19,4,1,1,49,0
2,19,4,1,2,49,0
2,19,4,1,2,49,0
2,19,5,1,2,49,0
2,19,5,1,2,49,0
2,19,5,1,2,49,0
2,19,5,1,2,49,0
2,19,6,1,2,49,0
2,19,6,1,2,49,0
2,19,6,1,2,49,0
2,19,6,1,2,49,0
2,19,7,1,4,49,0
2,19,7,1,4,49,0
2,19,7,1,5,49,0
2,19,7,1,5,49,0
2,19,8,1,5,49,0
2,19,8,1,5,49,0
2,19,8,1,6,49,0
2,19,8,1,6,49,0
2,19,9,1,7,49,0
2,19,9,1,7,49,0
2,19,9,1,8,49,0
2,19,9,1,8,49,0
2,19,10,1,8,49,0
2,19,10,1,8,49,0
2,19,10,1,8,49,0
2,19,10,1,8,49,0
2,19,11,1,9,49,0
2,19,11,1,9,49,0
2,19,11,1,10,49,0
2,19,11,1,10,49,0
2,19,12,1,11,49,0
2,19,12,1,11,49,0
2,19,12,1,10,49,0
2,19,12,1,10,49,0
2,19,13,1,11,49,0
2,19,13,1,11,49,0
2,19,13,1,11,49,0
2,19,13,1,11,49,0
2,19,14,1,12,49,0
2,19,14,1,12,49,0
2,19,14,1,12,49,0
2,19,14,1,12,49,0
2,19,15,1,12,49,0
2,19,15,1,12,49,0
2,19,15,1,11,49,0
2,19,15,1,11,49,0
2,19,16,1,11,49,0
2,19,16,1,11,49,0
2,19,16,1,11,49,0
2,19,16,1,11,49,0
2,19,17,1,10,49,0
2,19,17,1,10,49,0
2,19,17,1,9,49,0
2,19,17,1,9,49,0
2,19,18,1,8,49,0
2,19,18,1,8,49,0
2,19,18,1,8,49,0
2,19,18,1,8,49,0
2,19,19,1,7,49,0
2,19,19,1,7,49,0
2,19,19,1,7,49,0
2,19,19,1,7,49,0
2,19,20,1,7,49,0
2,19,20,1,7,49,0
2,19,20,1,7,49,0
2,19,20,1,7,49,0
2,19,21,1,7,49,0
2,19,21,1,7,49,0
2,19,21,1,7,49,0
2,19,21,1,7,49,0
2,19,22,1,6,49,0
2,19,22,1,6,49,0
2,19,22,1,6,49,0
2,19,22,1,6,49,0
2,19,23,1,6,49,0
2,19,23,1,6,49,0
2,19,23,1,6,49,0
2,19,23,1,6,49,0
2,20,0,1,6,50,0
2,20,0,1,6,50,0
2,20,0,1,6,50,0
2,20,0,1,6,50,0
2,20,1,1,6,50,0
2,20,1,1,6,50,0
2,20,1,1,6,50,0
2,20,1,1,6,50,0
2,20,2,1,6,50,0
2,20,2,1,6,50,0
2,20,2,1,7,50,0
2,20,2,1,7,50,0
2,20,3,1,7,50,0
2,20,3,1,7,50,0
2,20,3,1,7,50,0
2,20,3,1,7,50,0
2,20,4,1,7,50,0
2,20,4,1,7,50,0
2,20,4,1,7,50,0
2,20,4,1,7,50,0
2,20,5,1,7,50,0
2,20,5,1,7,50,0
2,20,5,1,7,50,0
2,20,5,1,7,50,0
2,20,6,1,7,50,0
2,20,6,1,7,50,0
2,20,6,1,8,50,0
2,20,6,1,8,50,0
2,20,7,1,8,50,0
2,20,7,1,8,50,0
2,20,7,1,9,50,0
2,20,7,1,9,50,0
2,20,8,1,9,50,0
2,20,8,1,9,50,0
2,20,8,1,9,50,0
2,20,8,1,9,50,0
2,20,9,1,10,50,0
2,20,9,1,10,50,0
2,20,9,1,11,50,0
2,20,9,1,11,50,0
2,20,10,1,10,50,0
2,20,10,1,10,50,0
2,20,10,1,11,50,0
2,20,10,1,11,50,0
2,20,11,1,11,50,0
2,20,11,1,11,50,0
2,20,11,1,11,50,0
2,20,11,1,11,50,0
2,20,12,1,11,50,0
2,20,12,1,11,50,0
2,20,12,1,12,50,0
2,20,12,1,12,50,0
2,20,13,1,12,50,0
2,20,13,1,12,50,0
2,20,13,1,12,50,0
2,20,13,1,12,50,0
2,20,14,1,12,50,0
2,20,14,1,12,50,0
2,20,14,1,12,50,0
2,20,14,1,12,50,0
2,20,15,1,10,50,0
2,20,15,1,10,50,0
2,20,15,1,10,50,0
2,20,15,1,10,50,0
2,20,16,1,10,50,0
2,20,16,1,10,50,0
2,20,16,1,10,50,0
2,20,16,1,10,50,0
2,20,17,1,10,50,0
2,20,17,1,10,50,0
2,20,17,1,10,50,0
2,20,17,1,10,50,0
2,20,18,1,10,50,0
2,20,18,1,10,50,0
2,20,18,1,11,50,0
2,20,18,1,11,50,0
2,20,19,1,11,50,0
2,20,19,1,11,50,0
2,20,19,1,11,50,0
2,20,19,1,11,50,0
2,20,20,1,11,50,0
2,20,20,1,11,50,0
2,20,20,1,11,50,0
2,20,20,1,11,50,0
2,20,21,1,11,50,0
2,20,21,1,11,50,0
2,20,21,1,11,50,0
2,20,21,1,11,50,0
2,20,22,1,11,50,0
2,20,22,1,11,50,0
2,20,22,1,11,50,0
2,20,22,1,11,50,0
2,20,23,1,12,50,0
2,20,23,1,12,50,0
2,20,23,1,12,50,0
2,20,23,1,12,50,0
2,21,0,1,12,51,0
2,21,0,1,12,51,0
2,21,0,1,12,51,0
2,21,0,1,12,51,0
2,21,1,1,12,51,0
2,21,1,1,12,51,0
2,21,1,1,12,51,0
2,21,1,1,12,51,0
2,21,2,1,12,51,0
2,21,2,1,12,51,0
2,21,2,1,11,51,0
2,21,2,1,11,51,0
2,21,3,1,11,51,0
2,21,3,1,11,51,0
2,21,3,1,11,51,0
2,21,3,1,11,51,0
2,21,4,1,11,51,0
2,21,4,1,11,51,0
2,21,4,1,11,51,0
2,21,4,1,11,51,0
2,21,5,1,11,51,0
2,21,5,1,11,51,0
2,21,5,1,11,51,0
2,21,5,1,11,51,0
2,21,6,1,10,51,0
2,21,6,1,10,51,0
2,21,6,1,10,51,0
2,21,6,1,10,51,0
2,21,7,1,10,51,0
2,21,7,1,10,51,0
2,21,7,1,10,51,0
2,21,7,1,10,51,0
2,21,8,1,10,51,0
2,21,8,1,10,51,0
2,21,8,1,10,51,0
2,21,8,1,10,51,0
2,21,9,1,10,51,0
2,21,9,1,10,51,0
2,21,9,1,9,51,0
2,21,9,1,9,51,0
2,21,10,1,10,51,0
2,21,10,1,10,51,0
2,21,10,1,9,51,0
2,21,10,1,9,51,0
2,21,11,1,9,51,0
2,21,11,1,9,51,0
2,21,11,1,9,51,0
2,21,11,1,9,51,0
2,21,12,1,9,51,0
2,21,12,1,9,51,0
2,21,12,1,9,51,0
2,21,12,1,9,51,0
2,21,13,1,9,51,0
2,21,13,1,9,51,0
2,21,13,1,10,51,0
2,21,13,1,10,51,0
2,21,14,1,10,51,0
2,21,14,1,10,51,0
2,21,14,1,10,51,0
2,21,14,1,10,51,0
2,21,15,1,11,51,0
2,21,15,1,11,51,0
2,21,15,1,11,51,0
2,21,15,1,11,51,0
2,21,16,1,10,51,0
2,21,16,1,10,51,0
2,21,16,1,10,51,0
2,21,16,1,10,51,0
2,21,17,1,10,51,0
2,21,17,1,10,51,0
2,21,17,1,10,51,0
2,21,17,1,10,51,0
2,21,18,1,10,51,0
2,21,18,1,10,51,0
2,21,18,1,10,51,0
2,21,18,1,10,51,0
2,21,19,1,9,51,0
2,21,19,1,9,51,0
2,21,19,1,9,51,0
2,21,19,1,9,51,0
2,21,20,1,9,51,0
2,21,20,1,9,51,0
2,21,20,1,9,51,0
2,21,20,1,9,51,0
2,21,21,1,9,51,0
2,21,21,1,9,51,0
2,21,21,1,9,51,0
2,21,21,1,9,51,0
2,21,22,1,9,51,0
2,21,22,1,9,51,0
2,21,22,1,9,51,0
2,21,22,1,9,51,0
2,21,23,1,9,51,0
2,21,23,1,9,51,0
2,21,23,1,9,51,0
2,21,23,1,9,51,0
2,22,0,1,9,52,0
2,22,0,1,9,52,0
2,22,0,1,9,52,0
2,22,0,1,9,52,0
2,22,1,1,9,52,0
2,22,1,1,9,52,0
